capability_id,"edition","layer","feature","direction",subset_level,"function_code","object_group","variations","qualifiers","std_reference",dut_pics_status,"backend_status","framework_status",test_case_ids,"evidence","owner","notes"
CHANNEL.SERIAL,IEEE1815-2012,CHANNEL,"Asynchronous serial channel",BIDIRECTIONAL,REVIEW_REQUIRED,,,,,REVIEW_REQUIRED,UNKNOWN,NOT_ANALYZED,BLOCKED,,,PROTOCOL_OWNER,"Exact IEEE 1815-2012 clause and behavior require formal-standard review"
CHANNEL.TCP.CLIENT,IEEE1815-2012,CHANNEL,"TCP client channel",BIDIRECTIONAL,REVIEW_REQUIRED,,,,,"IEEE 1815-2012 13.2.2.2; 13.2.3.1.1; 13.2.3.1.4(c); 13.2.3.1.5(f-g)",UNKNOWN,IMPLEMENTED_UNVERIFIED,IMPLEMENTED_UNVERIFIED,"TC_CHANNEL_TCP_CLIENT_CONNECT_001|TC_CHANNEL_TCP_CLIENT_TIMEOUT_001|TC_CHANNEL_TCP_CLIENT_SHUTDOWN_001|TC_CHANNEL_TCP_CLIENT_PYTEST_FIXTURE_001","native/tests/protocol_tests.cpp|python/tests/test_host_tcp.py",PROTOCOL_OWNER,"OpenDNP3 3.1.2 TCP initiating endpoint is locally tested; standard provenance review and independent DNP3 interoperability remain pending"
CHANNEL.TCP.SERVER,IEEE1815-2012,CHANNEL,"TCP listen or server channel",BIDIRECTIONAL,REVIEW_REQUIRED,,,,,REVIEW_REQUIRED,UNKNOWN,NOT_ANALYZED,BLOCKED,,,PROTOCOL_OWNER,"Exact IEEE 1815-2012 clause and behavior require formal-standard review"
CHANNEL.UDP,IEEE1815-2012,CHANNEL,"UDP channel profile",BIDIRECTIONAL,REVIEW_REQUIRED,,,,,REVIEW_REQUIRED,UNKNOWN,NOT_ANALYZED,BLOCKED,,,PROTOCOL_OWNER,"Exact IEEE 1815-2012 clause and behavior require formal-standard review"
CHANNEL.TLS,IEEE1815-2012,CHANNEL,"TLS secured transport channel",BIDIRECTIONAL,REVIEW_REQUIRED,,,,,REVIEW_REQUIRED,UNKNOWN,NOT_ANALYZED,BLOCKED,,,PROTOCOL_OWNER,"Exact IEEE 1815-2012 clause and behavior require formal-standard review"
CHANNEL.RECONNECT,IEEE1815-2012,CHANNEL,"Connection timeout backoff and recovery",BIDIRECTIONAL,REVIEW_REQUIRED,,,,,"IEEE 1815-2012 13.2.3.3.1-13.2.3.3.3; Table 13-2; Table 13-3",UNKNOWN,IMPLEMENTED_UNVERIFIED,IMPLEMENTED_UNVERIFIED,TC_CHANNEL_RECONNECT_FIN_001,python/tests/test_host_tcp.py,PROTOCOL_OWNER,"FIN-triggered automatic reconnect and timeout cleanup are locally tested; independent interoperability remains pending"
LINK.FRAMING,IEEE1815-2012,LINK,"Link frame start length addresses and little-endian fields",BIDIRECTIONAL,REVIEW_REQUIRED,,,,,REVIEW_REQUIRED,UNKNOWN,NOT_ANALYZED,BLOCKED,,,PROTOCOL_OWNER,"Exact IEEE 1815-2012 clause and behavior require formal-standard review"
LINK.CRC,IEEE1815-2012,LINK,"Header and 16-byte user-data block CRC",BIDIRECTIONAL,REVIEW_REQUIRED,,,,,REVIEW_REQUIRED,UNKNOWN,NOT_ANALYZED,BLOCKED,,,PROTOCOL_OWNER,"Exact IEEE 1815-2012 clause and behavior require formal-standard review"
LINK.CONTROL,IEEE1815-2012,LINK,"DIR PRM FCB FCV DFC and link function controls",BIDIRECTIONAL,REVIEW_REQUIRED,,,,,REVIEW_REQUIRED,UNKNOWN,NOT_ANALYZED,BLOCKED,,,PROTOCOL_OWNER,"Exact IEEE 1815-2012 clause and behavior require formal-standard review"
LINK.CONFIRMED_USER_DATA,IEEE1815-2012,LINK,"Confirmed user data acknowledgements retries and FCB alternation",BIDIRECTIONAL,REVIEW_REQUIRED,,,,,REVIEW_REQUIRED,UNKNOWN,NOT_ANALYZED,BLOCKED,,,PROTOCOL_OWNER,"Exact IEEE 1815-2012 clause and behavior require formal-standard review"
LINK.BROADCAST,IEEE1815-2012,LINK,"Broadcast address categories and no-response semantics",BIDIRECTIONAL,REVIEW_REQUIRED,,,,,REVIEW_REQUIRED,UNKNOWN,NOT_ANALYZED,BLOCKED,,,PROTOCOL_OWNER,"Exact IEEE 1815-2012 clause and behavior require formal-standard review"
LINK.SELF_ADDRESS,IEEE1815-2012,LINK,"Self-address behavior",BIDIRECTIONAL,REVIEW_REQUIRED,,,,,REVIEW_REQUIRED,UNKNOWN,NOT_ANALYZED,BLOCKED,,,PROTOCOL_OWNER,"Exact IEEE 1815-2012 clause and behavior require formal-standard review"
LINK.RECOVERY,IEEE1815-2012,LINK,"Malformed duplicate out-of-order busy and disconnect recovery",BIDIRECTIONAL,REVIEW_REQUIRED,,,,,REVIEW_REQUIRED,UNKNOWN,NOT_ANALYZED,BLOCKED,,,PROTOCOL_OWNER,"Exact IEEE 1815-2012 clause and behavior require formal-standard review"
TRANSPORT.HEADER,IEEE1815-2012,TRANSPORT,"FIR FIN and 6-bit transport sequence",BIDIRECTIONAL,REVIEW_REQUIRED,,,,,REVIEW_REQUIRED,UNKNOWN,NOT_ANALYZED,BLOCKED,,,PROTOCOL_OWNER,"Exact IEEE 1815-2012 clause and behavior require formal-standard review"
TRANSPORT.REASSEMBLY,IEEE1815-2012,TRANSPORT,"Application fragment segmentation and reassembly",BIDIRECTIONAL,REVIEW_REQUIRED,,,,,REVIEW_REQUIRED,UNKNOWN,NOT_ANALYZED,BLOCKED,,,PROTOCOL_OWNER,"Exact IEEE 1815-2012 clause and behavior require formal-standard review"
TRANSPORT.SEQUENCE,IEEE1815-2012,TRANSPORT,"Sequence wrap duplicate missing and out-of-order handling",BIDIRECTIONAL,REVIEW_REQUIRED,,,,,REVIEW_REQUIRED,UNKNOWN,NOT_ANALYZED,BLOCKED,,,PROTOCOL_OWNER,"Exact IEEE 1815-2012 clause and behavior require formal-standard review"
TRANSPORT.RESOURCE_LIMIT,IEEE1815-2012,TRANSPORT,"Fragment length timeout and bounded-memory enforcement",BIDIRECTIONAL,REVIEW_REQUIRED,,,,,REVIEW_REQUIRED,UNKNOWN,NOT_ANALYZED,BLOCKED,,,PROTOCOL_OWNER,"Exact IEEE 1815-2012 clause and behavior require formal-standard review"
APP.CONTROL,IEEE1815-2012,APPLICATION,"FIR FIN CON UNS and application sequence",BIDIRECTIONAL,REVIEW_REQUIRED,,,,,REVIEW_REQUIRED,UNKNOWN,NOT_ANALYZED,BLOCKED,,,PROTOCOL_OWNER,"Exact IEEE 1815-2012 clause and behavior require formal-standard review"
APP.FRAGMENTATION,IEEE1815-2012,APPLICATION,"Multi-fragment response assembly and boundaries",BIDIRECTIONAL,REVIEW_REQUIRED,,,,,REVIEW_REQUIRED,UNKNOWN,NOT_ANALYZED,BLOCKED,,,PROTOCOL_OWNER,"Exact IEEE 1815-2012 clause and behavior require formal-standard review"
APP.CONFIRMATION,IEEE1815-2012,APPLICATION,"Application confirmation timeout retry and duplicate handling",BIDIRECTIONAL,REVIEW_REQUIRED,,,,,REVIEW_REQUIRED,UNKNOWN,NOT_ANALYZED,BLOCKED,,,PROTOCOL_OWNER,"Exact IEEE 1815-2012 clause and behavior require formal-standard review"
APP.SEQUENCING,IEEE1815-2012,APPLICATION,"Solicited unsolicited and request sequence correlation",BIDIRECTIONAL,REVIEW_REQUIRED,,,,,REVIEW_REQUIRED,UNKNOWN,NOT_ANALYZED,BLOCKED,,,PROTOCOL_OWNER,"Exact IEEE 1815-2012 clause and behavior require formal-standard review"
APP.UNSOLICITED,IEEE1815-2012,APPLICATION,"Unsolicited enable disable startup handshake event and confirm",BIDIRECTIONAL,REVIEW_REQUIRED,,,,,REVIEW_REQUIRED,UNKNOWN,NOT_ANALYZED,BLOCKED,,,PROTOCOL_OWNER,"Exact IEEE 1815-2012 clause and behavior require formal-standard review"
APP.TASK.LIFECYCLE,IEEE1815-2012,APPLICATION,"Task timeout cancel disconnect and duplicate-execution protection",BIDIRECTIONAL,REVIEW_REQUIRED,,,,,REVIEW_REQUIRED,UNKNOWN,NOT_ANALYZED,BLOCKED,,,PROTOCOL_OWNER,"Exact IEEE 1815-2012 clause and behavior require formal-standard review"
APP.TASK.OBSERVABILITY,IEEE1815-2012,APPLICATION,"Task timing IIN response header object counts and failure stage",BIDIRECTIONAL,REVIEW_REQUIRED,,,,,REVIEW_REQUIRED,UNKNOWN,NOT_ANALYZED,BLOCKED,,,PROTOCOL_OWNER,"Exact IEEE 1815-2012 clause and behavior require formal-standard review"
APP.CLASS.EVENTS,IEEE1815-2012,APPLICATION,"Class 0 and Class 1 2 3 events ordering overflow and timestamps",BIDIRECTIONAL,REVIEW_REQUIRED,,,,,REVIEW_REQUIRED,UNKNOWN,NOT_ANALYZED,BLOCKED,,,PROTOCOL_OWNER,"Exact IEEE 1815-2012 clause and behavior require formal-standard review"
APP.ASSIGN_CLASS,IEEE1815-2012,APPLICATION,"Assign Class all-object range and indexed forms",BIDIRECTIONAL,REVIEW_REQUIRED,,,,,REVIEW_REQUIRED,UNKNOWN,NOT_ANALYZED,BLOCKED,,,PROTOCOL_OWNER,"Exact IEEE 1815-2012 clause and behavior require formal-standard review"
APP.TIME,IEEE1815-2012,APPLICATION,"Delay measurement time write CTO and synchronization workflows",BIDIRECTIONAL,REVIEW_REQUIRED,,,,,REVIEW_REQUIRED,UNKNOWN,NOT_ANALYZED,BLOCKED,,,PROTOCOL_OWNER,"Exact IEEE 1815-2012 clause and behavior require formal-standard review"
APP.COMMAND_STATUS.CATALOG,IEEE1815-2012,APPLICATION,"IEEE 1815-2012 command status catalog",BIDIRECTIONAL,REVIEW_REQUIRED,,,,,REVIEW_REQUIRED,UNKNOWN,NOT_ANALYZED,BLOCKED,,,PROTOCOL_OWNER,"Exact IEEE 1815-2012 clause and behavior require formal-standard review"
APP.FILE.TRANSACTION,IEEE1815-2012,APPLICATION,"Group 70 file transaction state machine",BIDIRECTIONAL,REVIEW_REQUIRED,,,,,REVIEW_REQUIRED,UNKNOWN,NOT_ANALYZED,BLOCKED,,,PROTOCOL_OWNER,"Exact IEEE 1815-2012 clause and behavior require formal-standard review"
APP.DATASET.TRANSACTION,IEEE1815-2012,APPLICATION,"Groups 83 and 85 through 88 Data Set transaction state machine",BIDIRECTIONAL,REVIEW_REQUIRED,,,,,REVIEW_REQUIRED,UNKNOWN,NOT_ANALYZED,BLOCKED,,,PROTOCOL_OWNER,"Exact IEEE 1815-2012 clause and behavior require formal-standard review"
APP.VIRTUAL_TERMINAL.TRANSACTION,IEEE1815-2012,APPLICATION,"Groups 112 and 113 Virtual Terminal transaction state machine",BIDIRECTIONAL,REVIEW_REQUIRED,,,,,REVIEW_REQUIRED,UNKNOWN,NOT_ANALYZED,BLOCKED,,,PROTOCOL_OWNER,"Exact IEEE 1815-2012 clause and behavior require formal-standard review"
APP.CONFIG.TRANSACTION,IEEE1815-2012,APPLICATION,"Application initialize start stop save activate and recovery",BIDIRECTIONAL,REVIEW_REQUIRED,,,,,REVIEW_REQUIRED,UNKNOWN,NOT_ANALYZED,BLOCKED,,,PROTOCOL_OWNER,"Exact IEEE 1815-2012 clause and behavior require formal-standard review"
APP.FC.00.CONFIRM,IEEE1815-2012,APPLICATION,"Confirm",BIDIRECTIONAL,REVIEW_REQUIRED,0,,,,REVIEW_REQUIRED,UNKNOWN,NOT_ANALYZED,BLOCKED,,,PROTOCOL_OWNER,"Exact IEEE 1815-2012 clause and behavior require formal-standard review"
APP.FC.01.READ,IEEE1815-2012,APPLICATION,Read,M2O,REVIEW_REQUIRED,1,,,,REVIEW_REQUIRED,UNKNOWN,NOT_ANALYZED,BLOCKED,,,PROTOCOL_OWNER,"Exact IEEE 1815-2012 clause and behavior require formal-standard review"
APP.FC.02.WRITE,IEEE1815-2012,APPLICATION,"Write",M2O,REVIEW_REQUIRED,2,,,,REVIEW_REQUIRED,UNKNOWN,NOT_ANALYZED,BLOCKED,,,PROTOCOL_OWNER,"Exact IEEE 1815-2012 clause and behavior require formal-standard review"
APP.FC.03.SELECT,IEEE1815-2012,APPLICATION,Select,M2O,REVIEW_REQUIRED,3,,,,REVIEW_REQUIRED,UNKNOWN,NOT_ANALYZED,BLOCKED,,,PROTOCOL_OWNER,"Exact IEEE 1815-2012 clause and behavior require formal-standard review"
APP.FC.04.OPERATE,IEEE1815-2012,APPLICATION,"Operate",M2O,REVIEW_REQUIRED,4,,,,REVIEW_REQUIRED,UNKNOWN,NOT_ANALYZED,BLOCKED,,,PROTOCOL_OWNER,"Exact IEEE 1815-2012 clause and behavior require formal-standard review"
APP.FC.05.DIRECT_OPERATE,IEEE1815-2012,APPLICATION,"Direct Operate",M2O,REVIEW_REQUIRED,5,,,,REVIEW_REQUIRED,UNKNOWN,NOT_ANALYZED,BLOCKED,,,PROTOCOL_OWNER,"Exact IEEE 1815-2012 clause and behavior require formal-standard review"
APP.FC.06.DIRECT_OPERATE_NR,IEEE1815-2012,APPLICATION,"Direct Operate No Response",M2O,REVIEW_REQUIRED,6,,,,REVIEW_REQUIRED,UNKNOWN,NOT_ANALYZED,BLOCKED,,,PROTOCOL_OWNER,"Exact IEEE 1815-2012 clause and behavior require formal-standard review"
APP.FC.07.IMMED_FREEZE,IEEE1815-2012,APPLICATION,"Immediate Freeze",M2O,REVIEW_REQUIRED,7,,,,REVIEW_REQUIRED,UNKNOWN,NOT_ANALYZED,BLOCKED,,,PROTOCOL_OWNER,"Exact IEEE 1815-2012 clause and behavior require formal-standard review"
APP.FC.08.IMMED_FREEZE_NR,IEEE1815-2012,APPLICATION,"Immediate Freeze No Response",M2O,REVIEW_REQUIRED,8,,,,REVIEW_REQUIRED,UNKNOWN,NOT_ANALYZED,BLOCKED,,,PROTOCOL_OWNER,"Exact IEEE 1815-2012 clause and behavior require formal-standard review"
APP.FC.09.FREEZE_CLEAR,IEEE1815-2012,APPLICATION,"Freeze and Clear",M2O,REVIEW_REQUIRED,9,,,,REVIEW_REQUIRED,UNKNOWN,NOT_ANALYZED,BLOCKED,,,PROTOCOL_OWNER,"Exact IEEE 1815-2012 clause and behavior require formal-standard review"
APP.FC.0A.FREEZE_CLEAR_NR,IEEE1815-2012,APPLICATION,"Freeze and Clear No Response",M2O,REVIEW_REQUIRED,10,,,,REVIEW_REQUIRED,UNKNOWN,NOT_ANALYZED,BLOCKED,,,PROTOCOL_OWNER,"Exact IEEE 1815-2012 clause and behavior require formal-standard review"
APP.FC.0B.FREEZE_AT_TIME,IEEE1815-2012,APPLICATION,"Freeze at Time",M2O,REVIEW_REQUIRED,11,,,,REVIEW_REQUIRED,UNKNOWN,NOT_ANALYZED,BLOCKED,,,PROTOCOL_OWNER,"Exact IEEE 1815-2012 clause and behavior require formal-standard review"
APP.FC.0C.FREEZE_AT_TIME_NR,IEEE1815-2012,APPLICATION,"Freeze at Time No Response",M2O,REVIEW_REQUIRED,12,,,,REVIEW_REQUIRED,UNKNOWN,NOT_ANALYZED,BLOCKED,,,PROTOCOL_OWNER,"Exact IEEE 1815-2012 clause and behavior require formal-standard review"
APP.FC.0D.COLD_RESTART,IEEE1815-2012,APPLICATION,"Cold Restart",M2O,REVIEW_REQUIRED,13,,,,REVIEW_REQUIRED,UNKNOWN,NOT_ANALYZED,BLOCKED,,,PROTOCOL_OWNER,"Exact IEEE 1815-2012 clause and behavior require formal-standard review"
APP.FC.0E.WARM_RESTART,IEEE1815-2012,APPLICATION,"Warm Restart",M2O,REVIEW_REQUIRED,14,,,,REVIEW_REQUIRED,UNKNOWN,NOT_ANALYZED,BLOCKED,,,PROTOCOL_OWNER,"Exact IEEE 1815-2012 clause and behavior require formal-standard review"
APP.FC.0F.INITIALIZE_DATA,IEEE1815-2012,APPLICATION,"Initialize Data",M2O,REVIEW_REQUIRED,15,,,,REVIEW_REQUIRED,UNKNOWN,NOT_ANALYZED,BLOCKED,,,PROTOCOL_OWNER,"Exact IEEE 1815-2012 clause and behavior require formal-standard review"
APP.FC.10.INITIALIZE_APPL,IEEE1815-2012,APPLICATION,"Initialize Application",M2O,REVIEW_REQUIRED,16,,,,REVIEW_REQUIRED,UNKNOWN,NOT_ANALYZED,BLOCKED,,,PROTOCOL_OWNER,"Exact IEEE 1815-2012 clause and behavior require formal-standard review"
APP.FC.11.START_APPL,IEEE1815-2012,APPLICATION,"Start Application",M2O,REVIEW_REQUIRED,17,,,,REVIEW_REQUIRED,UNKNOWN,NOT_ANALYZED,BLOCKED,,,PROTOCOL_OWNER,"Exact IEEE 1815-2012 clause and behavior require formal-standard review"
APP.FC.12.STOP_APPL,IEEE1815-2012,APPLICATION,"Stop Application",M2O,REVIEW_REQUIRED,18,,,,REVIEW_REQUIRED,UNKNOWN,NOT_ANALYZED,BLOCKED,,,PROTOCOL_OWNER,"Exact IEEE 1815-2012 clause and behavior require formal-standard review"
APP.FC.13.SAVE_CONFIG,IEEE1815-2012,APPLICATION,"Save Configuration",M2O,REVIEW_REQUIRED,19,,,,REVIEW_REQUIRED,UNKNOWN,NOT_ANALYZED,BLOCKED,,,PROTOCOL_OWNER,"Exact IEEE 1815-2012 clause and behavior require formal-standard review"
APP.FC.14.ENABLE_UNSOLICITED,IEEE1815-2012,APPLICATION,"Enable Unsolicited",M2O,REVIEW_REQUIRED,20,,,,REVIEW_REQUIRED,UNKNOWN,NOT_ANALYZED,BLOCKED,,,PROTOCOL_OWNER,"Exact IEEE 1815-2012 clause and behavior require formal-standard review"
APP.FC.15.DISABLE_UNSOLICITED,IEEE1815-2012,APPLICATION,"Disable Unsolicited",M2O,REVIEW_REQUIRED,21,,,,REVIEW_REQUIRED,UNKNOWN,NOT_ANALYZED,BLOCKED,,,PROTOCOL_OWNER,"Exact IEEE 1815-2012 clause and behavior require formal-standard review"
APP.FC.16.ASSIGN_CLASS,IEEE1815-2012,APPLICATION,"Assign Class",M2O,REVIEW_REQUIRED,22,,,,REVIEW_REQUIRED,UNKNOWN,NOT_ANALYZED,BLOCKED,,,PROTOCOL_OWNER,"Exact IEEE 1815-2012 clause and behavior require formal-standard review"
APP.FC.17.DELAY_MEASURE,IEEE1815-2012,APPLICATION,"Delay Measurement",M2O,REVIEW_REQUIRED,23,,,,REVIEW_REQUIRED,UNKNOWN,NOT_ANALYZED,BLOCKED,,,PROTOCOL_OWNER,"Exact IEEE 1815-2012 clause and behavior require formal-standard review"
APP.FC.18.RECORD_CURRENT_TIME,IEEE1815-2012,APPLICATION,"Record Current Time",M2O,REVIEW_REQUIRED,24,,,,REVIEW_REQUIRED,UNKNOWN,NOT_ANALYZED,BLOCKED,,,PROTOCOL_OWNER,"Exact IEEE 1815-2012 clause and behavior require formal-standard review"
APP.FC.19.OPEN_FILE,IEEE1815-2012,APPLICATION,"Open File",M2O,REVIEW_REQUIRED,25,,,,REVIEW_REQUIRED,UNKNOWN,NOT_ANALYZED,BLOCKED,,,PROTOCOL_OWNER,"Exact IEEE 1815-2012 clause and behavior require formal-standard review"
APP.FC.1A.CLOSE_FILE,IEEE1815-2012,APPLICATION,Close File,M2O,REVIEW_REQUIRED,26,,,,REVIEW_REQUIRED,UNKNOWN,NOT_ANALYZED,BLOCKED,,,PROTOCOL_OWNER,"Exact IEEE 1815-2012 clause and behavior require formal-standard review"
APP.FC.1B.DELETE_FILE,IEEE1815-2012,APPLICATION,Delete File,M2O,REVIEW_REQUIRED,27,,,,REVIEW_REQUIRED,UNKNOWN,NOT_ANALYZED,BLOCKED,,,PROTOCOL_OWNER,"Exact IEEE 1815-2012 clause and behavior require formal-standard review"
APP.FC.1C.GET_FILE_INFO,IEEE1815-2012,APPLICATION,"Get File Information",M2O,REVIEW_REQUIRED,28,,,,REVIEW_REQUIRED,UNKNOWN,NOT_ANALYZED,BLOCKED,,,PROTOCOL_OWNER,"Exact IEEE 1815-2012 clause and behavior require formal-standard review"
APP.FC.1D.AUTHENTICATE_FILE,IEEE1815-2012,APPLICATION,"Authenticate File",M2O,REVIEW_REQUIRED,29,,,,REVIEW_REQUIRED,UNKNOWN,NOT_ANALYZED,BLOCKED,,,PROTOCOL_OWNER,"Exact IEEE 1815-2012 clause and behavior require formal-standard review"
APP.FC.1E.ABORT_FILE,IEEE1815-2012,APPLICATION,"Abort File",M2O,REVIEW_REQUIRED,30,,,,REVIEW_REQUIRED,UNKNOWN,NOT_ANALYZED,BLOCKED,,,PROTOCOL_OWNER,"Exact IEEE 1815-2012 clause and behavior require formal-standard review"
APP.FC.1F.ACTIVATE_CONFIG,IEEE1815-2012,APPLICATION,"Activate Configuration",M2O,REVIEW_REQUIRED,31,,,,REVIEW_REQUIRED,UNKNOWN,NOT_ANALYZED,BLOCKED,,,PROTOCOL_OWNER,"Exact IEEE 1815-2012 clause and behavior require formal-standard review"
APP.FC.20.AUTHENTICATE_REQ,IEEE1815-2012,APPLICATION,"Authenticate Request",BIDIRECTIONAL,REVIEW_REQUIRED,32,,,,REVIEW_REQUIRED,UNKNOWN,NOT_ANALYZED,BLOCKED,,,PROTOCOL_OWNER,"Exact IEEE 1815-2012 clause and behavior require formal-standard review"
APP.FC.21.AUTH_REQ_NO_ACK,IEEE1815-2012,APPLICATION,"Authentication Request No Ack",BIDIRECTIONAL,REVIEW_REQUIRED,33,,,,REVIEW_REQUIRED,UNKNOWN,NOT_ANALYZED,BLOCKED,,,PROTOCOL_OWNER,"Exact IEEE 1815-2012 clause and behavior require formal-standard review"
APP.FC.81.RESPONSE,IEEE1815-2012,APPLICATION,"Solicited Response",O2M,REVIEW_REQUIRED,129,,,,REVIEW_REQUIRED,UNKNOWN,NOT_ANALYZED,BLOCKED,,,PROTOCOL_OWNER,"Exact IEEE 1815-2012 clause and behavior require formal-standard review"
APP.FC.82.UNSOLICITED_RESPONSE,IEEE1815-2012,APPLICATION,"Unsolicited Response",O2M,REVIEW_REQUIRED,130,,,,REVIEW_REQUIRED,UNKNOWN,NOT_ANALYZED,BLOCKED,,,PROTOCOL_OWNER,"Exact IEEE 1815-2012 clause and behavior require formal-standard review"
APP.FC.83.AUTHENTICATE_RESP,IEEE1815-2012,APPLICATION,"Authenticate Response",BIDIRECTIONAL,REVIEW_REQUIRED,131,,,,REVIEW_REQUIRED,UNKNOWN,NOT_ANALYZED,BLOCKED,,,PROTOCOL_OWNER,"Exact IEEE 1815-2012 clause and behavior require formal-standard review"
OBJ.G0.V196,IEEE1815-2012,APPLICATION,"Device Attribute group 0 variation 196",O2M,REVIEW_REQUIRED,,0,196,,REVIEW_REQUIRED,UNKNOWN,NOT_ANALYZED,BLOCKED,,,PROTOCOL_OWNER,"Exact IEEE 1815-2012 clause and behavior require formal-standard review"
OBJ.G0.V197,IEEE1815-2012,APPLICATION,"Device Attribute group 0 variation 197",O2M,REVIEW_REQUIRED,,0,197,,REVIEW_REQUIRED,UNKNOWN,NOT_ANALYZED,BLOCKED,,,PROTOCOL_OWNER,"Exact IEEE 1815-2012 clause and behavior require formal-standard review"
OBJ.G0.V198,IEEE1815-2012,APPLICATION,"Device Attribute group 0 variation 198",O2M,REVIEW_REQUIRED,,0,198,,REVIEW_REQUIRED,UNKNOWN,NOT_ANALYZED,BLOCKED,,,PROTOCOL_OWNER,"Exact IEEE 1815-2012 clause and behavior require formal-standard review"
OBJ.G0.V199,IEEE1815-2012,APPLICATION,"Device Attribute group 0 variation 199",O2M,REVIEW_REQUIRED,,0,199,,REVIEW_REQUIRED,UNKNOWN,NOT_ANALYZED,BLOCKED,,,PROTOCOL_OWNER,"Exact IEEE 1815-2012 clause and behavior require formal-standard review"
OBJ.G0.V200,IEEE1815-2012,APPLICATION,"Device Attribute group 0 variation 200",O2M,REVIEW_REQUIRED,,0,200,,REVIEW_REQUIRED,UNKNOWN,NOT_ANALYZED,BLOCKED,,,PROTOCOL_OWNER,"Exact IEEE 1815-2012 clause and behavior require formal-standard review"
OBJ.G0.V201,IEEE1815-2012,APPLICATION,"Device Attribute group 0 variation 201",O2M,REVIEW_REQUIRED,,0,201,,REVIEW_REQUIRED,UNKNOWN,NOT_ANALYZED,BLOCKED,,,PROTOCOL_OWNER,"Exact IEEE 1815-2012 clause and behavior require formal-standard review"
OBJ.G0.V202,IEEE1815-2012,APPLICATION,"Device Attribute group 0 variation 202",O2M,REVIEW_REQUIRED,,0,202,,REVIEW_REQUIRED,UNKNOWN,NOT_ANALYZED,BLOCKED,,,PROTOCOL_OWNER,"Exact IEEE 1815-2012 clause and behavior require formal-standard review"
OBJ.G0.V203,IEEE1815-2012,APPLICATION,"Device Attribute group 0 variation 203",O2M,REVIEW_REQUIRED,,0,203,,REVIEW_REQUIRED,UNKNOWN,NOT_ANALYZED,BLOCKED,,,PROTOCOL_OWNER,"Exact IEEE 1815-2012 clause and behavior require formal-standard review"
OBJ.G0.V204,IEEE1815-2012,APPLICATION,"Device Attribute group 0 variation 204",O2M,REVIEW_REQUIRED,,0,204,,REVIEW_REQUIRED,UNKNOWN,NOT_ANALYZED,BLOCKED,,,PROTOCOL_OWNER,"Exact IEEE 1815-2012 clause and behavior require formal-standard review"
OBJ.G0.V205,IEEE1815-2012,APPLICATION,"Device Attribute group 0 variation 205",O2M,REVIEW_REQUIRED,,0,205,,REVIEW_REQUIRED,UNKNOWN,NOT_ANALYZED,BLOCKED,,,PROTOCOL_OWNER,"Exact IEEE 1815-2012 clause and behavior require formal-standard review"
OBJ.G0.V206,IEEE1815-2012,APPLICATION,"Device Attribute group 0 variation 206",O2M,REVIEW_REQUIRED,,0,206,,REVIEW_REQUIRED,UNKNOWN,NOT_ANALYZED,BLOCKED,,,PROTOCOL_OWNER,"Exact IEEE 1815-2012 clause and behavior require formal-standard review"
OBJ.G0.V207,IEEE1815-2012,APPLICATION,"Device Attribute group 0 variation 207",O2M,REVIEW_REQUIRED,,0,207,,REVIEW_REQUIRED,UNKNOWN,NOT_ANALYZED,BLOCKED,,,PROTOCOL_OWNER,"Exact IEEE 1815-2012 clause and behavior require formal-standard review"
OBJ.G0.V208,IEEE1815-2012,APPLICATION,"Device Attribute group 0 variation 208",O2M,REVIEW_REQUIRED,,0,208,,REVIEW_REQUIRED,UNKNOWN,NOT_ANALYZED,BLOCKED,,,PROTOCOL_OWNER,"Exact IEEE 1815-2012 clause and behavior require formal-standard review"
OBJ.G0.V209,IEEE1815-2012,APPLICATION,"Device Attribute group 0 variation 209",O2M,REVIEW_REQUIRED,,0,209,,REVIEW_REQUIRED,UNKNOWN,NOT_ANALYZED,BLOCKED,,,PROTOCOL_OWNER,"Exact IEEE 1815-2012 clause and behavior require formal-standard review"
OBJ.G0.V210,IEEE1815-2012,APPLICATION,"Device Attribute group 0 variation 210",O2M,REVIEW_REQUIRED,,0,210,,REVIEW_REQUIRED,UNKNOWN,NOT_ANALYZED,BLOCKED,,,PROTOCOL_OWNER,"Exact IEEE 1815-2012 clause and behavior require formal-standard review"
OBJ.G0.V211,IEEE1815-2012,APPLICATION,"Device Attribute group 0 variation 211",O2M,REVIEW_REQUIRED,,0,211,,REVIEW_REQUIRED,UNKNOWN,NOT_ANALYZED,BLOCKED,,,PROTOCOL_OWNER,"Exact IEEE 1815-2012 clause and behavior require formal-standard review"
OBJ.G0.V212,IEEE1815-2012,APPLICATION,"Device Attribute group 0 variation 212",O2M,REVIEW_REQUIRED,,0,212,,REVIEW_REQUIRED,UNKNOWN,NOT_ANALYZED,BLOCKED,,,PROTOCOL_OWNER,"Exact IEEE 1815-2012 clause and behavior require formal-standard review"
OBJ.G0.V213,IEEE1815-2012,APPLICATION,"Device Attribute group 0 variation 213",O2M,REVIEW_REQUIRED,,0,213,,REVIEW_REQUIRED,UNKNOWN,NOT_ANALYZED,BLOCKED,,,PROTOCOL_OWNER,"Exact IEEE 1815-2012 clause and behavior require formal-standard review"
OBJ.G0.V214,IEEE1815-2012,APPLICATION,"Device Attribute group 0 variation 214",O2M,REVIEW_REQUIRED,,0,214,,REVIEW_REQUIRED,UNKNOWN,NOT_ANALYZED,BLOCKED,,,PROTOCOL_OWNER,"Exact IEEE 1815-2012 clause and behavior require formal-standard review"
OBJ.G0.V215,IEEE1815-2012,APPLICATION,"Device Attribute group 0 variation 215",O2M,REVIEW_REQUIRED,,0,215,,REVIEW_REQUIRED,UNKNOWN,NOT_ANALYZED,BLOCKED,,,PROTOCOL_OWNER,"Exact IEEE 1815-2012 clause and behavior require formal-standard review"
OBJ.G0.V216,IEEE1815-2012,APPLICATION,"Device Attribute group 0 variation 216",O2M,REVIEW_REQUIRED,,0,216,,REVIEW_REQUIRED,UNKNOWN,NOT_ANALYZED,BLOCKED,,,PROTOCOL_OWNER,"Exact IEEE 1815-2012 clause and behavior require formal-standard review"
OBJ.G0.V217,IEEE1815-2012,APPLICATION,"Device Attribute group 0 variation 217",O2M,REVIEW_REQUIRED,,0,217,,REVIEW_REQUIRED,UNKNOWN,NOT_ANALYZED,BLOCKED,,,PROTOCOL_OWNER,"Exact IEEE 1815-2012 clause and behavior require formal-standard review"
OBJ.G0.V218,IEEE1815-2012,APPLICATION,"Device Attribute group 0 variation 218",O2M,REVIEW_REQUIRED,,0,218,,REVIEW_REQUIRED,UNKNOWN,NOT_ANALYZED,BLOCKED,,,PROTOCOL_OWNER,"Exact IEEE 1815-2012 clause and behavior require formal-standard review"
OBJ.G0.V219,IEEE1815-2012,APPLICATION,"Device Attribute group 0 variation 219",O2M,REVIEW_REQUIRED,,0,219,,REVIEW_REQUIRED,UNKNOWN,NOT_ANALYZED,BLOCKED,,,PROTOCOL_OWNER,"Exact IEEE 1815-2012 clause and behavior require formal-standard review"
OBJ.G0.V220,IEEE1815-2012,APPLICATION,"Device Attribute group 0 variation 220",O2M,REVIEW_REQUIRED,,0,220,,REVIEW_REQUIRED,UNKNOWN,NOT_ANALYZED,BLOCKED,,,PROTOCOL_OWNER,"Exact IEEE 1815-2012 clause and behavior require formal-standard review"
OBJ.G0.V221,IEEE1815-2012,APPLICATION,"Device Attribute group 0 variation 221",O2M,REVIEW_REQUIRED,,0,221,,REVIEW_REQUIRED,UNKNOWN,NOT_ANALYZED,BLOCKED,,,PROTOCOL_OWNER,"Exact IEEE 1815-2012 clause and behavior require formal-standard review"
OBJ.G0.V222,IEEE1815-2012,APPLICATION,"Device Attribute group 0 variation 222",O2M,REVIEW_REQUIRED,,0,222,,REVIEW_REQUIRED,UNKNOWN,NOT_ANALYZED,BLOCKED,,,PROTOCOL_OWNER,"Exact IEEE 1815-2012 clause and behavior require formal-standard review"
OBJ.G0.V223,IEEE1815-2012,APPLICATION,"Device Attribute group 0 variation 223",O2M,REVIEW_REQUIRED,,0,223,,REVIEW_REQUIRED,UNKNOWN,NOT_ANALYZED,BLOCKED,,,PROTOCOL_OWNER,"Exact IEEE 1815-2012 clause and behavior require formal-standard review"
OBJ.G0.V224,IEEE1815-2012,APPLICATION,"Device Attribute group 0 variation 224",O2M,REVIEW_REQUIRED,,0,224,,REVIEW_REQUIRED,UNKNOWN,NOT_ANALYZED,BLOCKED,,,PROTOCOL_OWNER,"Exact IEEE 1815-2012 clause and behavior require formal-standard review"
OBJ.G0.V225,IEEE1815-2012,APPLICATION,"Device Attribute group 0 variation 225",O2M,REVIEW_REQUIRED,,0,225,,REVIEW_REQUIRED,UNKNOWN,NOT_ANALYZED,BLOCKED,,,PROTOCOL_OWNER,"Exact IEEE 1815-2012 clause and behavior require formal-standard review"
OBJ.G0.V226,IEEE1815-2012,APPLICATION,"Device Attribute group 0 variation 226",O2M,REVIEW_REQUIRED,,0,226,,REVIEW_REQUIRED,UNKNOWN,NOT_ANALYZED,BLOCKED,,,PROTOCOL_OWNER,"Exact IEEE 1815-2012 clause and behavior require formal-standard review"
OBJ.G0.V227,IEEE1815-2012,APPLICATION,"Device Attribute group 0 variation 227",O2M,REVIEW_REQUIRED,,0,227,,REVIEW_REQUIRED,UNKNOWN,NOT_ANALYZED,BLOCKED,,,PROTOCOL_OWNER,"Exact IEEE 1815-2012 clause and behavior require formal-standard review"
OBJ.G0.V228,IEEE1815-2012,APPLICATION,"Device Attribute group 0 variation 228",O2M,REVIEW_REQUIRED,,0,228,,REVIEW_REQUIRED,UNKNOWN,NOT_ANALYZED,BLOCKED,,,PROTOCOL_OWNER,"Exact IEEE 1815-2012 clause and behavior require formal-standard review"
OBJ.G0.V229,IEEE1815-2012,APPLICATION,"Device Attribute group 0 variation 229",O2M,REVIEW_REQUIRED,,0,229,,REVIEW_REQUIRED,UNKNOWN,NOT_ANALYZED,BLOCKED,,,PROTOCOL_OWNER,"Exact IEEE 1815-2012 clause and behavior require formal-standard review"
OBJ.G0.V230,IEEE1815-2012,APPLICATION,"Device Attribute group 0 variation 230",O2M,REVIEW_REQUIRED,,0,230,,REVIEW_REQUIRED,UNKNOWN,NOT_ANALYZED,BLOCKED,,,PROTOCOL_OWNER,"Exact IEEE 1815-2012 clause and behavior require formal-standard review"
OBJ.G0.V231,IEEE1815-2012,APPLICATION,"Device Attribute group 0 variation 231",O2M,REVIEW_REQUIRED,,0,231,,REVIEW_REQUIRED,UNKNOWN,NOT_ANALYZED,BLOCKED,,,PROTOCOL_OWNER,"Exact IEEE 1815-2012 clause and behavior require formal-standard review"
OBJ.G0.V232,IEEE1815-2012,APPLICATION,"Device Attribute group 0 variation 232",O2M,REVIEW_REQUIRED,,0,232,,REVIEW_REQUIRED,UNKNOWN,NOT_ANALYZED,BLOCKED,,,PROTOCOL_OWNER,"Exact IEEE 1815-2012 clause and behavior require formal-standard review"
OBJ.G0.V233,IEEE1815-2012,APPLICATION,"Device Attribute group 0 variation 233",O2M,REVIEW_REQUIRED,,0,233,,REVIEW_REQUIRED,UNKNOWN,NOT_ANALYZED,BLOCKED,,,PROTOCOL_OWNER,"Exact IEEE 1815-2012 clause and behavior require formal-standard review"
OBJ.G0.V234,IEEE1815-2012,APPLICATION,"Device Attribute group 0 variation 234",O2M,REVIEW_REQUIRED,,0,234,,REVIEW_REQUIRED,UNKNOWN,NOT_ANALYZED,BLOCKED,,,PROTOCOL_OWNER,"Exact IEEE 1815-2012 clause and behavior require formal-standard review"
OBJ.G0.V235,IEEE1815-2012,APPLICATION,"Device Attribute group 0 variation 235",O2M,REVIEW_REQUIRED,,0,235,,REVIEW_REQUIRED,UNKNOWN,NOT_ANALYZED,BLOCKED,,,PROTOCOL_OWNER,"Exact IEEE 1815-2012 clause and behavior require formal-standard review"
OBJ.G0.V236,IEEE1815-2012,APPLICATION,"Device Attribute group 0 variation 236",O2M,REVIEW_REQUIRED,,0,236,,REVIEW_REQUIRED,UNKNOWN,NOT_ANALYZED,BLOCKED,,,PROTOCOL_OWNER,"Exact IEEE 1815-2012 clause and behavior require formal-standard review"
OBJ.G0.V237,IEEE1815-2012,APPLICATION,"Device Attribute group 0 variation 237",O2M,REVIEW_REQUIRED,,0,237,,REVIEW_REQUIRED,UNKNOWN,NOT_ANALYZED,BLOCKED,,,PROTOCOL_OWNER,"Exact IEEE 1815-2012 clause and behavior require formal-standard review"
OBJ.G0.V238,IEEE1815-2012,APPLICATION,"Device Attribute group 0 variation 238",O2M,REVIEW_REQUIRED,,0,238,,REVIEW_REQUIRED,UNKNOWN,NOT_ANALYZED,BLOCKED,,,PROTOCOL_OWNER,"Exact IEEE 1815-2012 clause and behavior require formal-standard review"
OBJ.G0.V239,IEEE1815-2012,APPLICATION,"Device Attribute group 0 variation 239",O2M,REVIEW_REQUIRED,,0,239,,REVIEW_REQUIRED,UNKNOWN,NOT_ANALYZED,BLOCKED,,,PROTOCOL_OWNER,"Exact IEEE 1815-2012 clause and behavior require formal-standard review"
OBJ.G0.V240,IEEE1815-2012,APPLICATION,"Device Attribute group 0 variation 240",O2M,REVIEW_REQUIRED,,0,240,,REVIEW_REQUIRED,UNKNOWN,NOT_ANALYZED,BLOCKED,,,PROTOCOL_OWNER,"Exact IEEE 1815-2012 clause and behavior require formal-standard review"
OBJ.G0.V241,IEEE1815-2012,APPLICATION,"Device Attribute group 0 variation 241",O2M,REVIEW_REQUIRED,,0,241,,REVIEW_REQUIRED,UNKNOWN,NOT_ANALYZED,BLOCKED,,,PROTOCOL_OWNER,"Exact IEEE 1815-2012 clause and behavior require formal-standard review"
OBJ.G0.V242,IEEE1815-2012,APPLICATION,"Device Attribute group 0 variation 242",O2M,REVIEW_REQUIRED,,0,242,,REVIEW_REQUIRED,UNKNOWN,NOT_ANALYZED,BLOCKED,,,PROTOCOL_OWNER,"Exact IEEE 1815-2012 clause and behavior require formal-standard review"
OBJ.G0.V243,IEEE1815-2012,APPLICATION,"Device Attribute group 0 variation 243",O2M,REVIEW_REQUIRED,,0,243,,REVIEW_REQUIRED,UNKNOWN,NOT_ANALYZED,BLOCKED,,,PROTOCOL_OWNER,"Exact IEEE 1815-2012 clause and behavior require formal-standard review"
OBJ.G0.V244,IEEE1815-2012,APPLICATION,"Device Attribute group 0 variation 244",O2M,REVIEW_REQUIRED,,0,244,,REVIEW_REQUIRED,UNKNOWN,NOT_ANALYZED,BLOCKED,,,PROTOCOL_OWNER,"Exact IEEE 1815-2012 clause and behavior require formal-standard review"
OBJ.G0.V245,IEEE1815-2012,APPLICATION,"Device Attribute group 0 variation 245",O2M,REVIEW_REQUIRED,,0,245,,REVIEW_REQUIRED,UNKNOWN,NOT_ANALYZED,BLOCKED,,,PROTOCOL_OWNER,"Exact IEEE 1815-2012 clause and behavior require formal-standard review"
OBJ.G0.V246,IEEE1815-2012,APPLICATION,"Device Attribute group 0 variation 246",O2M,REVIEW_REQUIRED,,0,246,,REVIEW_REQUIRED,UNKNOWN,NOT_ANALYZED,BLOCKED,,,PROTOCOL_OWNER,"Exact IEEE 1815-2012 clause and behavior require formal-standard review"
OBJ.G0.V247,IEEE1815-2012,APPLICATION,"Device Attribute group 0 variation 247",O2M,REVIEW_REQUIRED,,0,247,,REVIEW_REQUIRED,UNKNOWN,NOT_ANALYZED,BLOCKED,,,PROTOCOL_OWNER,"Exact IEEE 1815-2012 clause and behavior require formal-standard review"
OBJ.G0.V248,IEEE1815-2012,APPLICATION,"Device Attribute group 0 variation 248",O2M,REVIEW_REQUIRED,,0,248,,REVIEW_REQUIRED,UNKNOWN,NOT_ANALYZED,BLOCKED,,,PROTOCOL_OWNER,"Exact IEEE 1815-2012 clause and behavior require formal-standard review"
OBJ.G0.V249,IEEE1815-2012,APPLICATION,"Device Attribute group 0 variation 249",O2M,REVIEW_REQUIRED,,0,249,,REVIEW_REQUIRED,UNKNOWN,NOT_ANALYZED,BLOCKED,,,PROTOCOL_OWNER,"Exact IEEE 1815-2012 clause and behavior require formal-standard review"
OBJ.G0.V250,IEEE1815-2012,APPLICATION,"Device Attribute group 0 variation 250",O2M,REVIEW_REQUIRED,,0,250,,REVIEW_REQUIRED,UNKNOWN,NOT_ANALYZED,BLOCKED,,,PROTOCOL_OWNER,"Exact IEEE 1815-2012 clause and behavior require formal-standard review"
OBJ.G0.V252,IEEE1815-2012,APPLICATION,"Device Attribute group 0 variation 252",O2M,REVIEW_REQUIRED,,0,252,,REVIEW_REQUIRED,UNKNOWN,NOT_ANALYZED,BLOCKED,,,PROTOCOL_OWNER,"Exact IEEE 1815-2012 clause and behavior require formal-standard review"
OBJ.G0.V254,IEEE1815-2012,APPLICATION,"Device Attribute group 0 variation 254",O2M,REVIEW_REQUIRED,,0,254,,REVIEW_REQUIRED,UNKNOWN,NOT_ANALYZED,BLOCKED,,,PROTOCOL_OWNER,"Exact IEEE 1815-2012 clause and behavior require formal-standard review"
OBJ.G0.V255,IEEE1815-2012,APPLICATION,"Device Attribute group 0 variation 255",O2M,REVIEW_REQUIRED,,0,255,,REVIEW_REQUIRED,UNKNOWN,NOT_ANALYZED,BLOCKED,,,PROTOCOL_OWNER,"Exact IEEE 1815-2012 clause and behavior require formal-standard review"
OBJ.G0.USER_VENDOR,IEEE1815-2012,APPLICATION,"Device Attribute user and vendor-defined catalog",BIDIRECTIONAL,REVIEW_REQUIRED,,0,"user|vendor-defined",,REVIEW_REQUIRED,UNKNOWN,NOT_ANALYZED,BLOCKED,,,PROTOCOL_OWNER,"Exact IEEE 1815-2012 clause and behavior require formal-standard review"
OBJ.G1.V0,IEEE1815-2012,APPLICATION,"Binary Input static variation 0",O2M,REVIEW_REQUIRED,,1,0,,REVIEW_REQUIRED,UNKNOWN,NOT_ANALYZED,BLOCKED,,,PROTOCOL_OWNER,"Exact IEEE 1815-2012 clause and behavior require formal-standard review"
OBJ.G1.V1,IEEE1815-2012,APPLICATION,"Binary Input static variation 1",O2M,REVIEW_REQUIRED,,1,1,,REVIEW_REQUIRED,UNKNOWN,NOT_ANALYZED,BLOCKED,,,PROTOCOL_OWNER,"Exact IEEE 1815-2012 clause and behavior require formal-standard review"
OBJ.G1.V2,IEEE1815-2012,APPLICATION,"Binary Input static variation 2",O2M,REVIEW_REQUIRED,,1,2,,REVIEW_REQUIRED,UNKNOWN,NOT_ANALYZED,BLOCKED,,,PROTOCOL_OWNER,"Exact IEEE 1815-2012 clause and behavior require formal-standard review"
OBJ.G2.V0,IEEE1815-2012,APPLICATION,"Binary Input event variation 0",O2M,REVIEW_REQUIRED,,2,0,,REVIEW_REQUIRED,UNKNOWN,NOT_ANALYZED,BLOCKED,,,PROTOCOL_OWNER,"Exact IEEE 1815-2012 clause and behavior require formal-standard review"
OBJ.G2.V1,IEEE1815-2012,APPLICATION,"Binary Input event variation 1",O2M,REVIEW_REQUIRED,,2,1,,REVIEW_REQUIRED,UNKNOWN,NOT_ANALYZED,BLOCKED,,,PROTOCOL_OWNER,"Exact IEEE 1815-2012 clause and behavior require formal-standard review"
OBJ.G2.V2,IEEE1815-2012,APPLICATION,"Binary Input event variation 2",O2M,REVIEW_REQUIRED,,2,2,,REVIEW_REQUIRED,UNKNOWN,NOT_ANALYZED,BLOCKED,,,PROTOCOL_OWNER,"Exact IEEE 1815-2012 clause and behavior require formal-standard review"
OBJ.G2.V3,IEEE1815-2012,APPLICATION,"Binary Input event variation 3",O2M,REVIEW_REQUIRED,,2,3,,REVIEW_REQUIRED,UNKNOWN,NOT_ANALYZED,BLOCKED,,,PROTOCOL_OWNER,"Exact IEEE 1815-2012 clause and behavior require formal-standard review"
OBJ.G3.V0,IEEE1815-2012,APPLICATION,"Double-bit Binary Input static variation 0",O2M,REVIEW_REQUIRED,,3,0,,REVIEW_REQUIRED,UNKNOWN,NOT_ANALYZED,BLOCKED,,,PROTOCOL_OWNER,"Exact IEEE 1815-2012 clause and behavior require formal-standard review"
OBJ.G3.V1,IEEE1815-2012,APPLICATION,"Double-bit Binary Input static variation 1",O2M,REVIEW_REQUIRED,,3,1,,REVIEW_REQUIRED,UNKNOWN,NOT_ANALYZED,BLOCKED,,,PROTOCOL_OWNER,"Exact IEEE 1815-2012 clause and behavior require formal-standard review"
OBJ.G3.V2,IEEE1815-2012,APPLICATION,"Double-bit Binary Input static variation 2",O2M,REVIEW_REQUIRED,,3,2,,REVIEW_REQUIRED,UNKNOWN,NOT_ANALYZED,BLOCKED,,,PROTOCOL_OWNER,"Exact IEEE 1815-2012 clause and behavior require formal-standard review"
OBJ.G4.V0,IEEE1815-2012,APPLICATION,"Double-bit Binary Input event variation 0",O2M,REVIEW_REQUIRED,,4,0,,REVIEW_REQUIRED,UNKNOWN,NOT_ANALYZED,BLOCKED,,,PROTOCOL_OWNER,"Exact IEEE 1815-2012 clause and behavior require formal-standard review"
OBJ.G4.V1,IEEE1815-2012,APPLICATION,"Double-bit Binary Input event variation 1",O2M,REVIEW_REQUIRED,,4,1,,REVIEW_REQUIRED,UNKNOWN,NOT_ANALYZED,BLOCKED,,,PROTOCOL_OWNER,"Exact IEEE 1815-2012 clause and behavior require formal-standard review"
OBJ.G4.V2,IEEE1815-2012,APPLICATION,"Double-bit Binary Input event variation 2",O2M,REVIEW_REQUIRED,,4,2,,REVIEW_REQUIRED,UNKNOWN,NOT_ANALYZED,BLOCKED,,,PROTOCOL_OWNER,"Exact IEEE 1815-2012 clause and behavior require formal-standard review"
OBJ.G4.V3,IEEE1815-2012,APPLICATION,"Double-bit Binary Input event variation 3",O2M,REVIEW_REQUIRED,,4,3,,REVIEW_REQUIRED,UNKNOWN,NOT_ANALYZED,BLOCKED,,,PROTOCOL_OWNER,"Exact IEEE 1815-2012 clause and behavior require formal-standard review"
OBJ.G10.V0,IEEE1815-2012,APPLICATION,"Binary Output Status static variation 0",O2M,REVIEW_REQUIRED,,10,0,,REVIEW_REQUIRED,UNKNOWN,NOT_ANALYZED,BLOCKED,,,PROTOCOL_OWNER,"Exact IEEE 1815-2012 clause and behavior require formal-standard review"
OBJ.G10.V1,IEEE1815-2012,APPLICATION,"Binary Output Status static variation 1",O2M,REVIEW_REQUIRED,,10,1,,REVIEW_REQUIRED,UNKNOWN,NOT_ANALYZED,BLOCKED,,,PROTOCOL_OWNER,"Exact IEEE 1815-2012 clause and behavior require formal-standard review"
OBJ.G10.V2,IEEE1815-2012,APPLICATION,"Binary Output Status static variation 2",O2M,REVIEW_REQUIRED,,10,2,,REVIEW_REQUIRED,UNKNOWN,NOT_ANALYZED,BLOCKED,,,PROTOCOL_OWNER,"Exact IEEE 1815-2012 clause and behavior require formal-standard review"
OBJ.G11.V0,IEEE1815-2012,APPLICATION,"Binary Output Status event variation 0",O2M,REVIEW_REQUIRED,,11,0,,REVIEW_REQUIRED,UNKNOWN,NOT_ANALYZED,BLOCKED,,,PROTOCOL_OWNER,"Exact IEEE 1815-2012 clause and behavior require formal-standard review"
OBJ.G11.V1,IEEE1815-2012,APPLICATION,"Binary Output Status event variation 1",O2M,REVIEW_REQUIRED,,11,1,,REVIEW_REQUIRED,UNKNOWN,NOT_ANALYZED,BLOCKED,,,PROTOCOL_OWNER,"Exact IEEE 1815-2012 clause and behavior require formal-standard review"
OBJ.G11.V2,IEEE1815-2012,APPLICATION,"Binary Output Status event variation 2",O2M,REVIEW_REQUIRED,,11,2,,REVIEW_REQUIRED,UNKNOWN,NOT_ANALYZED,BLOCKED,,,PROTOCOL_OWNER,"Exact IEEE 1815-2012 clause and behavior require formal-standard review"
OBJ.G12.V0,IEEE1815-2012,APPLICATION,"Binary Output Command variation 0",M2O,REVIEW_REQUIRED,,12,0,,REVIEW_REQUIRED,UNKNOWN,NOT_ANALYZED,BLOCKED,,,PROTOCOL_OWNER,"Exact IEEE 1815-2012 clause and behavior require formal-standard review"
OBJ.G12.V1,IEEE1815-2012,APPLICATION,"Binary Output Command variation 1",M2O,REVIEW_REQUIRED,,12,1,,REVIEW_REQUIRED,UNKNOWN,NOT_ANALYZED,BLOCKED,,,PROTOCOL_OWNER,"Exact IEEE 1815-2012 clause and behavior require formal-standard review"
OBJ.G12.V2,IEEE1815-2012,APPLICATION,"Binary Output Command variation 2",M2O,REVIEW_REQUIRED,,12,2,,REVIEW_REQUIRED,UNKNOWN,NOT_ANALYZED,BLOCKED,,,PROTOCOL_OWNER,"Exact IEEE 1815-2012 clause and behavior require formal-standard review"
OBJ.G12.V3,IEEE1815-2012,APPLICATION,"Binary Output Command variation 3",M2O,REVIEW_REQUIRED,,12,3,,REVIEW_REQUIRED,UNKNOWN,NOT_ANALYZED,BLOCKED,,,PROTOCOL_OWNER,"Exact IEEE 1815-2012 clause and behavior require formal-standard review"
OBJ.G13.V0,IEEE1815-2012,APPLICATION,"Binary Output Command event variation 0",O2M,REVIEW_REQUIRED,,13,0,,REVIEW_REQUIRED,UNKNOWN,NOT_ANALYZED,BLOCKED,,,PROTOCOL_OWNER,"Exact IEEE 1815-2012 clause and behavior require formal-standard review"
OBJ.G13.V1,IEEE1815-2012,APPLICATION,"Binary Output Command event variation 1",O2M,REVIEW_REQUIRED,,13,1,,REVIEW_REQUIRED,UNKNOWN,NOT_ANALYZED,BLOCKED,,,PROTOCOL_OWNER,"Exact IEEE 1815-2012 clause and behavior require formal-standard review"
OBJ.G13.V2,IEEE1815-2012,APPLICATION,"Binary Output Command event variation 2",O2M,REVIEW_REQUIRED,,13,2,,REVIEW_REQUIRED,UNKNOWN,NOT_ANALYZED,BLOCKED,,,PROTOCOL_OWNER,"Exact IEEE 1815-2012 clause and behavior require formal-standard review"
OBJ.G20.V0,IEEE1815-2012,APPLICATION,"Counter static variation 0",O2M,REVIEW_REQUIRED,,20,0,,REVIEW_REQUIRED,UNKNOWN,NOT_ANALYZED,BLOCKED,,,PROTOCOL_OWNER,"Exact IEEE 1815-2012 clause and behavior require formal-standard review"
OBJ.G20.V1,IEEE1815-2012,APPLICATION,"Counter static variation 1",O2M,REVIEW_REQUIRED,,20,1,,REVIEW_REQUIRED,UNKNOWN,NOT_ANALYZED,BLOCKED,,,PROTOCOL_OWNER,"Exact IEEE 1815-2012 clause and behavior require formal-standard review"
OBJ.G20.V2,IEEE1815-2012,APPLICATION,"Counter static variation 2",O2M,REVIEW_REQUIRED,,20,2,,REVIEW_REQUIRED,UNKNOWN,NOT_ANALYZED,BLOCKED,,,PROTOCOL_OWNER,"Exact IEEE 1815-2012 clause and behavior require formal-standard review"
OBJ.G20.V5,IEEE1815-2012,APPLICATION,"Counter static variation 5",O2M,REVIEW_REQUIRED,,20,5,,REVIEW_REQUIRED,UNKNOWN,NOT_ANALYZED,BLOCKED,,,PROTOCOL_OWNER,"Exact IEEE 1815-2012 clause and behavior require formal-standard review"
OBJ.G20.V6,IEEE1815-2012,APPLICATION,"Counter static variation 6",O2M,REVIEW_REQUIRED,,20,6,,REVIEW_REQUIRED,UNKNOWN,NOT_ANALYZED,BLOCKED,,,PROTOCOL_OWNER,"Exact IEEE 1815-2012 clause and behavior require formal-standard review"
OBJ.G21.V0,IEEE1815-2012,APPLICATION,"Frozen Counter static variation 0",O2M,REVIEW_REQUIRED,,21,0,,REVIEW_REQUIRED,UNKNOWN,NOT_ANALYZED,BLOCKED,,,PROTOCOL_OWNER,"Exact IEEE 1815-2012 clause and behavior require formal-standard review"
OBJ.G21.V1,IEEE1815-2012,APPLICATION,"Frozen Counter static variation 1",O2M,REVIEW_REQUIRED,,21,1,,REVIEW_REQUIRED,UNKNOWN,NOT_ANALYZED,BLOCKED,,,PROTOCOL_OWNER,"Exact IEEE 1815-2012 clause and behavior require formal-standard review"
OBJ.G21.V2,IEEE1815-2012,APPLICATION,"Frozen Counter static variation 2",O2M,REVIEW_REQUIRED,,21,2,,REVIEW_REQUIRED,UNKNOWN,NOT_ANALYZED,BLOCKED,,,PROTOCOL_OWNER,"Exact IEEE 1815-2012 clause and behavior require formal-standard review"
OBJ.G21.V5,IEEE1815-2012,APPLICATION,"Frozen Counter static variation 5",O2M,REVIEW_REQUIRED,,21,5,,REVIEW_REQUIRED,UNKNOWN,NOT_ANALYZED,BLOCKED,,,PROTOCOL_OWNER,"Exact IEEE 1815-2012 clause and behavior require formal-standard review"
OBJ.G21.V6,IEEE1815-2012,APPLICATION,"Frozen Counter static variation 6",O2M,REVIEW_REQUIRED,,21,6,,REVIEW_REQUIRED,UNKNOWN,NOT_ANALYZED,BLOCKED,,,PROTOCOL_OWNER,"Exact IEEE 1815-2012 clause and behavior require formal-standard review"
OBJ.G21.V9,IEEE1815-2012,APPLICATION,"Frozen Counter static variation 9",O2M,REVIEW_REQUIRED,,21,9,,REVIEW_REQUIRED,UNKNOWN,NOT_ANALYZED,BLOCKED,,,PROTOCOL_OWNER,"Exact IEEE 1815-2012 clause and behavior require formal-standard review"
OBJ.G21.V10,IEEE1815-2012,APPLICATION,"Frozen Counter static variation 10",O2M,REVIEW_REQUIRED,,21,10,,REVIEW_REQUIRED,UNKNOWN,NOT_ANALYZED,BLOCKED,,,PROTOCOL_OWNER,"Exact IEEE 1815-2012 clause and behavior require formal-standard review"
OBJ.G22.V0,IEEE1815-2012,APPLICATION,"Counter event variation 0",O2M,REVIEW_REQUIRED,,22,0,,REVIEW_REQUIRED,UNKNOWN,NOT_ANALYZED,BLOCKED,,,PROTOCOL_OWNER,"Exact IEEE 1815-2012 clause and behavior require formal-standard review"
OBJ.G22.V1,IEEE1815-2012,APPLICATION,"Counter event variation 1",O2M,REVIEW_REQUIRED,,22,1,,REVIEW_REQUIRED,UNKNOWN,NOT_ANALYZED,BLOCKED,,,PROTOCOL_OWNER,"Exact IEEE 1815-2012 clause and behavior require formal-standard review"
OBJ.G22.V2,IEEE1815-2012,APPLICATION,"Counter event variation 2",O2M,REVIEW_REQUIRED,,22,2,,REVIEW_REQUIRED,UNKNOWN,NOT_ANALYZED,BLOCKED,,,PROTOCOL_OWNER,"Exact IEEE 1815-2012 clause and behavior require formal-standard review"
OBJ.G22.V5,IEEE1815-2012,APPLICATION,"Counter event variation 5",O2M,REVIEW_REQUIRED,,22,5,,REVIEW_REQUIRED,UNKNOWN,NOT_ANALYZED,BLOCKED,,,PROTOCOL_OWNER,"Exact IEEE 1815-2012 clause and behavior require formal-standard review"
OBJ.G22.V6,IEEE1815-2012,APPLICATION,"Counter event variation 6",O2M,REVIEW_REQUIRED,,22,6,,REVIEW_REQUIRED,UNKNOWN,NOT_ANALYZED,BLOCKED,,,PROTOCOL_OWNER,"Exact IEEE 1815-2012 clause and behavior require formal-standard review"
OBJ.G23.V0,IEEE1815-2012,APPLICATION,"Frozen Counter event variation 0",O2M,REVIEW_REQUIRED,,23,0,,REVIEW_REQUIRED,UNKNOWN,NOT_ANALYZED,BLOCKED,,,PROTOCOL_OWNER,"Exact IEEE 1815-2012 clause and behavior require formal-standard review"
OBJ.G23.V1,IEEE1815-2012,APPLICATION,"Frozen Counter event variation 1",O2M,REVIEW_REQUIRED,,23,1,,REVIEW_REQUIRED,UNKNOWN,NOT_ANALYZED,BLOCKED,,,PROTOCOL_OWNER,"Exact IEEE 1815-2012 clause and behavior require formal-standard review"
OBJ.G23.V2,IEEE1815-2012,APPLICATION,"Frozen Counter event variation 2",O2M,REVIEW_REQUIRED,,23,2,,REVIEW_REQUIRED,UNKNOWN,NOT_ANALYZED,BLOCKED,,,PROTOCOL_OWNER,"Exact IEEE 1815-2012 clause and behavior require formal-standard review"
OBJ.G23.V5,IEEE1815-2012,APPLICATION,"Frozen Counter event variation 5",O2M,REVIEW_REQUIRED,,23,5,,REVIEW_REQUIRED,UNKNOWN,NOT_ANALYZED,BLOCKED,,,PROTOCOL_OWNER,"Exact IEEE 1815-2012 clause and behavior require formal-standard review"
OBJ.G23.V6,IEEE1815-2012,APPLICATION,"Frozen Counter event variation 6",O2M,REVIEW_REQUIRED,,23,6,,REVIEW_REQUIRED,UNKNOWN,NOT_ANALYZED,BLOCKED,,,PROTOCOL_OWNER,"Exact IEEE 1815-2012 clause and behavior require formal-standard review"
OBJ.G30.V0,IEEE1815-2012,APPLICATION,"Analog Input static variation 0",O2M,REVIEW_REQUIRED,,30,0,,REVIEW_REQUIRED,UNKNOWN,NOT_ANALYZED,BLOCKED,,,PROTOCOL_OWNER,"Exact IEEE 1815-2012 clause and behavior require formal-standard review"
OBJ.G30.V1,IEEE1815-2012,APPLICATION,"Analog Input static variation 1",O2M,REVIEW_REQUIRED,,30,1,,REVIEW_REQUIRED,UNKNOWN,NOT_ANALYZED,BLOCKED,,,PROTOCOL_OWNER,"Exact IEEE 1815-2012 clause and behavior require formal-standard review"
OBJ.G30.V2,IEEE1815-2012,APPLICATION,"Analog Input static variation 2",O2M,REVIEW_REQUIRED,,30,2,,REVIEW_REQUIRED,UNKNOWN,NOT_ANALYZED,BLOCKED,,,PROTOCOL_OWNER,"Exact IEEE 1815-2012 clause and behavior require formal-standard review"
OBJ.G30.V3,IEEE1815-2012,APPLICATION,"Analog Input static variation 3",O2M,REVIEW_REQUIRED,,30,3,,REVIEW_REQUIRED,UNKNOWN,NOT_ANALYZED,BLOCKED,,,PROTOCOL_OWNER,"Exact IEEE 1815-2012 clause and behavior require formal-standard review"
OBJ.G30.V4,IEEE1815-2012,APPLICATION,"Analog Input static variation 4",O2M,REVIEW_REQUIRED,,30,4,,REVIEW_REQUIRED,UNKNOWN,NOT_ANALYZED,BLOCKED,,,PROTOCOL_OWNER,"Exact IEEE 1815-2012 clause and behavior require formal-standard review"
OBJ.G30.V5,IEEE1815-2012,APPLICATION,"Analog Input static variation 5",O2M,REVIEW_REQUIRED,,30,5,,REVIEW_REQUIRED,UNKNOWN,NOT_ANALYZED,BLOCKED,,,PROTOCOL_OWNER,"Exact IEEE 1815-2012 clause and behavior require formal-standard review"
OBJ.G30.V6,IEEE1815-2012,APPLICATION,"Analog Input static variation 6",O2M,REVIEW_REQUIRED,,30,6,,REVIEW_REQUIRED,UNKNOWN,NOT_ANALYZED,BLOCKED,,,PROTOCOL_OWNER,"Exact IEEE 1815-2012 clause and behavior require formal-standard review"
OBJ.G31.V0,IEEE1815-2012,APPLICATION,"Frozen Analog Input static variation 0",O2M,REVIEW_REQUIRED,,31,0,,REVIEW_REQUIRED,UNKNOWN,NOT_ANALYZED,BLOCKED,,,PROTOCOL_OWNER,"Exact IEEE 1815-2012 clause and behavior require formal-standard review"
OBJ.G31.V1,IEEE1815-2012,APPLICATION,"Frozen Analog Input static variation 1",O2M,REVIEW_REQUIRED,,31,1,,REVIEW_REQUIRED,UNKNOWN,NOT_ANALYZED,BLOCKED,,,PROTOCOL_OWNER,"Exact IEEE 1815-2012 clause and behavior require formal-standard review"
OBJ.G31.V2,IEEE1815-2012,APPLICATION,"Frozen Analog Input static variation 2",O2M,REVIEW_REQUIRED,,31,2,,REVIEW_REQUIRED,UNKNOWN,NOT_ANALYZED,BLOCKED,,,PROTOCOL_OWNER,"Exact IEEE 1815-2012 clause and behavior require formal-standard review"
OBJ.G31.V3,IEEE1815-2012,APPLICATION,"Frozen Analog Input static variation 3",O2M,REVIEW_REQUIRED,,31,3,,REVIEW_REQUIRED,UNKNOWN,NOT_ANALYZED,BLOCKED,,,PROTOCOL_OWNER,"Exact IEEE 1815-2012 clause and behavior require formal-standard review"
OBJ.G31.V4,IEEE1815-2012,APPLICATION,"Frozen Analog Input static variation 4",O2M,REVIEW_REQUIRED,,31,4,,REVIEW_REQUIRED,UNKNOWN,NOT_ANALYZED,BLOCKED,,,PROTOCOL_OWNER,"Exact IEEE 1815-2012 clause and behavior require formal-standard review"
OBJ.G31.V5,IEEE1815-2012,APPLICATION,"Frozen Analog Input static variation 5",O2M,REVIEW_REQUIRED,,31,5,,REVIEW_REQUIRED,UNKNOWN,NOT_ANALYZED,BLOCKED,,,PROTOCOL_OWNER,"Exact IEEE 1815-2012 clause and behavior require formal-standard review"
OBJ.G31.V6,IEEE1815-2012,APPLICATION,"Frozen Analog Input static variation 6",O2M,REVIEW_REQUIRED,,31,6,,REVIEW_REQUIRED,UNKNOWN,NOT_ANALYZED,BLOCKED,,,PROTOCOL_OWNER,"Exact IEEE 1815-2012 clause and behavior require formal-standard review"
OBJ.G31.V7,IEEE1815-2012,APPLICATION,"Frozen Analog Input static variation 7",O2M,REVIEW_REQUIRED,,31,7,,REVIEW_REQUIRED,UNKNOWN,NOT_ANALYZED,BLOCKED,,,PROTOCOL_OWNER,"Exact IEEE 1815-2012 clause and behavior require formal-standard review"
OBJ.G31.V8,IEEE1815-2012,APPLICATION,"Frozen Analog Input static variation 8",O2M,REVIEW_REQUIRED,,31,8,,REVIEW_REQUIRED,UNKNOWN,NOT_ANALYZED,BLOCKED,,,PROTOCOL_OWNER,"Exact IEEE 1815-2012 clause and behavior require formal-standard review"
OBJ.G32.V0,IEEE1815-2012,APPLICATION,"Analog Input event variation 0",O2M,REVIEW_REQUIRED,,32,0,,REVIEW_REQUIRED,UNKNOWN,NOT_ANALYZED,BLOCKED,,,PROTOCOL_OWNER,"Exact IEEE 1815-2012 clause and behavior require formal-standard review"
OBJ.G32.V1,IEEE1815-2012,APPLICATION,"Analog Input event variation 1",O2M,REVIEW_REQUIRED,,32,1,,REVIEW_REQUIRED,UNKNOWN,NOT_ANALYZED,BLOCKED,,,PROTOCOL_OWNER,"Exact IEEE 1815-2012 clause and behavior require formal-standard review"
OBJ.G32.V2,IEEE1815-2012,APPLICATION,"Analog Input event variation 2",O2M,REVIEW_REQUIRED,,32,2,,REVIEW_REQUIRED,UNKNOWN,NOT_ANALYZED,BLOCKED,,,PROTOCOL_OWNER,"Exact IEEE 1815-2012 clause and behavior require formal-standard review"
OBJ.G32.V3,IEEE1815-2012,APPLICATION,"Analog Input event variation 3",O2M,REVIEW_REQUIRED,,32,3,,REVIEW_REQUIRED,UNKNOWN,NOT_ANALYZED,BLOCKED,,,PROTOCOL_OWNER,"Exact IEEE 1815-2012 clause and behavior require formal-standard review"
OBJ.G32.V4,IEEE1815-2012,APPLICATION,"Analog Input event variation 4",O2M,REVIEW_REQUIRED,,32,4,,REVIEW_REQUIRED,UNKNOWN,NOT_ANALYZED,BLOCKED,,,PROTOCOL_OWNER,"Exact IEEE 1815-2012 clause and behavior require formal-standard review"
OBJ.G32.V5,IEEE1815-2012,APPLICATION,"Analog Input event variation 5",O2M,REVIEW_REQUIRED,,32,5,,REVIEW_REQUIRED,UNKNOWN,NOT_ANALYZED,BLOCKED,,,PROTOCOL_OWNER,"Exact IEEE 1815-2012 clause and behavior require formal-standard review"
OBJ.G32.V6,IEEE1815-2012,APPLICATION,"Analog Input event variation 6",O2M,REVIEW_REQUIRED,,32,6,,REVIEW_REQUIRED,UNKNOWN,NOT_ANALYZED,BLOCKED,,,PROTOCOL_OWNER,"Exact IEEE 1815-2012 clause and behavior require formal-standard review"
OBJ.G32.V7,IEEE1815-2012,APPLICATION,"Analog Input event variation 7",O2M,REVIEW_REQUIRED,,32,7,,REVIEW_REQUIRED,UNKNOWN,NOT_ANALYZED,BLOCKED,,,PROTOCOL_OWNER,"Exact IEEE 1815-2012 clause and behavior require formal-standard review"
OBJ.G32.V8,IEEE1815-2012,APPLICATION,"Analog Input event variation 8",O2M,REVIEW_REQUIRED,,32,8,,REVIEW_REQUIRED,UNKNOWN,NOT_ANALYZED,BLOCKED,,,PROTOCOL_OWNER,"Exact IEEE 1815-2012 clause and behavior require formal-standard review"
OBJ.G33.V0,IEEE1815-2012,APPLICATION,"Frozen Analog Input event variation 0",O2M,REVIEW_REQUIRED,,33,0,,REVIEW_REQUIRED,UNKNOWN,NOT_ANALYZED,BLOCKED,,,PROTOCOL_OWNER,"Exact IEEE 1815-2012 clause and behavior require formal-standard review"
OBJ.G33.V1,IEEE1815-2012,APPLICATION,"Frozen Analog Input event variation 1",O2M,REVIEW_REQUIRED,,33,1,,REVIEW_REQUIRED,UNKNOWN,NOT_ANALYZED,BLOCKED,,,PROTOCOL_OWNER,"Exact IEEE 1815-2012 clause and behavior require formal-standard review"
OBJ.G33.V2,IEEE1815-2012,APPLICATION,"Frozen Analog Input event variation 2",O2M,REVIEW_REQUIRED,,33,2,,REVIEW_REQUIRED,UNKNOWN,NOT_ANALYZED,BLOCKED,,,PROTOCOL_OWNER,"Exact IEEE 1815-2012 clause and behavior require formal-standard review"
OBJ.G33.V3,IEEE1815-2012,APPLICATION,"Frozen Analog Input event variation 3",O2M,REVIEW_REQUIRED,,33,3,,REVIEW_REQUIRED,UNKNOWN,NOT_ANALYZED,BLOCKED,,,PROTOCOL_OWNER,"Exact IEEE 1815-2012 clause and behavior require formal-standard review"
OBJ.G33.V4,IEEE1815-2012,APPLICATION,"Frozen Analog Input event variation 4",O2M,REVIEW_REQUIRED,,33,4,,REVIEW_REQUIRED,UNKNOWN,NOT_ANALYZED,BLOCKED,,,PROTOCOL_OWNER,"Exact IEEE 1815-2012 clause and behavior require formal-standard review"
OBJ.G33.V5,IEEE1815-2012,APPLICATION,"Frozen Analog Input event variation 5",O2M,REVIEW_REQUIRED,,33,5,,REVIEW_REQUIRED,UNKNOWN,NOT_ANALYZED,BLOCKED,,,PROTOCOL_OWNER,"Exact IEEE 1815-2012 clause and behavior require formal-standard review"
OBJ.G33.V6,IEEE1815-2012,APPLICATION,"Frozen Analog Input event variation 6",O2M,REVIEW_REQUIRED,,33,6,,REVIEW_REQUIRED,UNKNOWN,NOT_ANALYZED,BLOCKED,,,PROTOCOL_OWNER,"Exact IEEE 1815-2012 clause and behavior require formal-standard review"
OBJ.G33.V7,IEEE1815-2012,APPLICATION,"Frozen Analog Input event variation 7",O2M,REVIEW_REQUIRED,,33,7,,REVIEW_REQUIRED,UNKNOWN,NOT_ANALYZED,BLOCKED,,,PROTOCOL_OWNER,"Exact IEEE 1815-2012 clause and behavior require formal-standard review"
OBJ.G33.V8,IEEE1815-2012,APPLICATION,"Frozen Analog Input event variation 8",O2M,REVIEW_REQUIRED,,33,8,,REVIEW_REQUIRED,UNKNOWN,NOT_ANALYZED,BLOCKED,,,PROTOCOL_OWNER,"Exact IEEE 1815-2012 clause and behavior require formal-standard review"
OBJ.G34.V0,IEEE1815-2012,APPLICATION,"Analog Input Reporting Deadband variation 0",M2O,REVIEW_REQUIRED,,34,0,,REVIEW_REQUIRED,UNKNOWN,NOT_ANALYZED,BLOCKED,,,PROTOCOL_OWNER,"Exact IEEE 1815-2012 clause and behavior require formal-standard review"
OBJ.G34.V1,IEEE1815-2012,APPLICATION,"Analog Input Reporting Deadband variation 1",M2O,REVIEW_REQUIRED,,34,1,,REVIEW_REQUIRED,UNKNOWN,NOT_ANALYZED,BLOCKED,,,PROTOCOL_OWNER,"Exact IEEE 1815-2012 clause and behavior require formal-standard review"
OBJ.G34.V2,IEEE1815-2012,APPLICATION,"Analog Input Reporting Deadband variation 2",M2O,REVIEW_REQUIRED,,34,2,,REVIEW_REQUIRED,UNKNOWN,NOT_ANALYZED,BLOCKED,,,PROTOCOL_OWNER,"Exact IEEE 1815-2012 clause and behavior require formal-standard review"
OBJ.G34.V3,IEEE1815-2012,APPLICATION,"Analog Input Reporting Deadband variation 3",M2O,REVIEW_REQUIRED,,34,3,,REVIEW_REQUIRED,UNKNOWN,NOT_ANALYZED,BLOCKED,,,PROTOCOL_OWNER,"Exact IEEE 1815-2012 clause and behavior require formal-standard review"
OBJ.G40.V0,IEEE1815-2012,APPLICATION,"Analog Output Status static variation 0",O2M,REVIEW_REQUIRED,,40,0,,REVIEW_REQUIRED,UNKNOWN,NOT_ANALYZED,BLOCKED,,,PROTOCOL_OWNER,"Exact IEEE 1815-2012 clause and behavior require formal-standard review"
OBJ.G40.V1,IEEE1815-2012,APPLICATION,"Analog Output Status static variation 1",O2M,REVIEW_REQUIRED,,40,1,,REVIEW_REQUIRED,UNKNOWN,NOT_ANALYZED,BLOCKED,,,PROTOCOL_OWNER,"Exact IEEE 1815-2012 clause and behavior require formal-standard review"
OBJ.G40.V2,IEEE1815-2012,APPLICATION,"Analog Output Status static variation 2",O2M,REVIEW_REQUIRED,,40,2,,REVIEW_REQUIRED,UNKNOWN,NOT_ANALYZED,BLOCKED,,,PROTOCOL_OWNER,"Exact IEEE 1815-2012 clause and behavior require formal-standard review"
OBJ.G40.V3,IEEE1815-2012,APPLICATION,"Analog Output Status static variation 3",O2M,REVIEW_REQUIRED,,40,3,,REVIEW_REQUIRED,UNKNOWN,NOT_ANALYZED,BLOCKED,,,PROTOCOL_OWNER,"Exact IEEE 1815-2012 clause and behavior require formal-standard review"
OBJ.G40.V4,IEEE1815-2012,APPLICATION,"Analog Output Status static variation 4",O2M,REVIEW_REQUIRED,,40,4,,REVIEW_REQUIRED,UNKNOWN,NOT_ANALYZED,BLOCKED,,,PROTOCOL_OWNER,"Exact IEEE 1815-2012 clause and behavior require formal-standard review"
OBJ.G41.V0,IEEE1815-2012,APPLICATION,"Analog Output Command variation 0",M2O,REVIEW_REQUIRED,,41,0,,REVIEW_REQUIRED,UNKNOWN,NOT_ANALYZED,BLOCKED,,,PROTOCOL_OWNER,"Exact IEEE 1815-2012 clause and behavior require formal-standard review"
OBJ.G41.V1,IEEE1815-2012,APPLICATION,"Analog Output Command variation 1",M2O,REVIEW_REQUIRED,,41,1,,REVIEW_REQUIRED,UNKNOWN,NOT_ANALYZED,BLOCKED,,,PROTOCOL_OWNER,"Exact IEEE 1815-2012 clause and behavior require formal-standard review"
OBJ.G41.V2,IEEE1815-2012,APPLICATION,"Analog Output Command variation 2",M2O,REVIEW_REQUIRED,,41,2,,REVIEW_REQUIRED,UNKNOWN,NOT_ANALYZED,BLOCKED,,,PROTOCOL_OWNER,"Exact IEEE 1815-2012 clause and behavior require formal-standard review"
OBJ.G41.V3,IEEE1815-2012,APPLICATION,"Analog Output Command variation 3",M2O,REVIEW_REQUIRED,,41,3,,REVIEW_REQUIRED,UNKNOWN,NOT_ANALYZED,BLOCKED,,,PROTOCOL_OWNER,"Exact IEEE 1815-2012 clause and behavior require formal-standard review"
OBJ.G41.V4,IEEE1815-2012,APPLICATION,"Analog Output Command variation 4",M2O,REVIEW_REQUIRED,,41,4,,REVIEW_REQUIRED,UNKNOWN,NOT_ANALYZED,BLOCKED,,,PROTOCOL_OWNER,"Exact IEEE 1815-2012 clause and behavior require formal-standard review"
OBJ.G42.V0,IEEE1815-2012,APPLICATION,"Analog Output Status event variation 0",O2M,REVIEW_REQUIRED,,42,0,,REVIEW_REQUIRED,UNKNOWN,NOT_ANALYZED,BLOCKED,,,PROTOCOL_OWNER,"Exact IEEE 1815-2012 clause and behavior require formal-standard review"
OBJ.G42.V1,IEEE1815-2012,APPLICATION,"Analog Output Status event variation 1",O2M,REVIEW_REQUIRED,,42,1,,REVIEW_REQUIRED,UNKNOWN,NOT_ANALYZED,BLOCKED,,,PROTOCOL_OWNER,"Exact IEEE 1815-2012 clause and behavior require formal-standard review"
OBJ.G42.V2,IEEE1815-2012,APPLICATION,"Analog Output Status event variation 2",O2M,REVIEW_REQUIRED,,42,2,,REVIEW_REQUIRED,UNKNOWN,NOT_ANALYZED,BLOCKED,,,PROTOCOL_OWNER,"Exact IEEE 1815-2012 clause and behavior require formal-standard review"
OBJ.G42.V3,IEEE1815-2012,APPLICATION,"Analog Output Status event variation 3",O2M,REVIEW_REQUIRED,,42,3,,REVIEW_REQUIRED,UNKNOWN,NOT_ANALYZED,BLOCKED,,,PROTOCOL_OWNER,"Exact IEEE 1815-2012 clause and behavior require formal-standard review"
OBJ.G42.V4,IEEE1815-2012,APPLICATION,"Analog Output Status event variation 4",O2M,REVIEW_REQUIRED,,42,4,,REVIEW_REQUIRED,UNKNOWN,NOT_ANALYZED,BLOCKED,,,PROTOCOL_OWNER,"Exact IEEE 1815-2012 clause and behavior require formal-standard review"
OBJ.G42.V5,IEEE1815-2012,APPLICATION,"Analog Output Status event variation 5",O2M,REVIEW_REQUIRED,,42,5,,REVIEW_REQUIRED,UNKNOWN,NOT_ANALYZED,BLOCKED,,,PROTOCOL_OWNER,"Exact IEEE 1815-2012 clause and behavior require formal-standard review"
OBJ.G42.V6,IEEE1815-2012,APPLICATION,"Analog Output Status event variation 6",O2M,REVIEW_REQUIRED,,42,6,,REVIEW_REQUIRED,UNKNOWN,NOT_ANALYZED,BLOCKED,,,PROTOCOL_OWNER,"Exact IEEE 1815-2012 clause and behavior require formal-standard review"
OBJ.G42.V7,IEEE1815-2012,APPLICATION,"Analog Output Status event variation 7",O2M,REVIEW_REQUIRED,,42,7,,REVIEW_REQUIRED,UNKNOWN,NOT_ANALYZED,BLOCKED,,,PROTOCOL_OWNER,"Exact IEEE 1815-2012 clause and behavior require formal-standard review"
OBJ.G42.V8,IEEE1815-2012,APPLICATION,"Analog Output Status event variation 8",O2M,REVIEW_REQUIRED,,42,8,,REVIEW_REQUIRED,UNKNOWN,NOT_ANALYZED,BLOCKED,,,PROTOCOL_OWNER,"Exact IEEE 1815-2012 clause and behavior require formal-standard review"
OBJ.G43.V0,IEEE1815-2012,APPLICATION,"Analog Output Command event variation 0",O2M,REVIEW_REQUIRED,,43,0,,REVIEW_REQUIRED,UNKNOWN,NOT_ANALYZED,BLOCKED,,,PROTOCOL_OWNER,"Exact IEEE 1815-2012 clause and behavior require formal-standard review"
OBJ.G43.V1,IEEE1815-2012,APPLICATION,"Analog Output Command event variation 1",O2M,REVIEW_REQUIRED,,43,1,,REVIEW_REQUIRED,UNKNOWN,NOT_ANALYZED,BLOCKED,,,PROTOCOL_OWNER,"Exact IEEE 1815-2012 clause and behavior require formal-standard review"
OBJ.G43.V2,IEEE1815-2012,APPLICATION,"Analog Output Command event variation 2",O2M,REVIEW_REQUIRED,,43,2,,REVIEW_REQUIRED,UNKNOWN,NOT_ANALYZED,BLOCKED,,,PROTOCOL_OWNER,"Exact IEEE 1815-2012 clause and behavior require formal-standard review"
OBJ.G43.V3,IEEE1815-2012,APPLICATION,"Analog Output Command event variation 3",O2M,REVIEW_REQUIRED,,43,3,,REVIEW_REQUIRED,UNKNOWN,NOT_ANALYZED,BLOCKED,,,PROTOCOL_OWNER,"Exact IEEE 1815-2012 clause and behavior require formal-standard review"
OBJ.G43.V4,IEEE1815-2012,APPLICATION,"Analog Output Command event variation 4",O2M,REVIEW_REQUIRED,,43,4,,REVIEW_REQUIRED,UNKNOWN,NOT_ANALYZED,BLOCKED,,,PROTOCOL_OWNER,"Exact IEEE 1815-2012 clause and behavior require formal-standard review"
OBJ.G43.V5,IEEE1815-2012,APPLICATION,"Analog Output Command event variation 5",O2M,REVIEW_REQUIRED,,43,5,,REVIEW_REQUIRED,UNKNOWN,NOT_ANALYZED,BLOCKED,,,PROTOCOL_OWNER,"Exact IEEE 1815-2012 clause and behavior require formal-standard review"
OBJ.G43.V6,IEEE1815-2012,APPLICATION,"Analog Output Command event variation 6",O2M,REVIEW_REQUIRED,,43,6,,REVIEW_REQUIRED,UNKNOWN,NOT_ANALYZED,BLOCKED,,,PROTOCOL_OWNER,"Exact IEEE 1815-2012 clause and behavior require formal-standard review"
OBJ.G43.V7,IEEE1815-2012,APPLICATION,"Analog Output Command event variation 7",O2M,REVIEW_REQUIRED,,43,7,,REVIEW_REQUIRED,UNKNOWN,NOT_ANALYZED,BLOCKED,,,PROTOCOL_OWNER,"Exact IEEE 1815-2012 clause and behavior require formal-standard review"
OBJ.G43.V8,IEEE1815-2012,APPLICATION,"Analog Output Command event variation 8",O2M,REVIEW_REQUIRED,,43,8,,REVIEW_REQUIRED,UNKNOWN,NOT_ANALYZED,BLOCKED,,,PROTOCOL_OWNER,"Exact IEEE 1815-2012 clause and behavior require formal-standard review"
OBJ.G50.V1,IEEE1815-2012,APPLICATION,"Time and Date variation 1",BIDIRECTIONAL,REVIEW_REQUIRED,,50,1,,REVIEW_REQUIRED,UNKNOWN,NOT_ANALYZED,BLOCKED,,,PROTOCOL_OWNER,"Exact IEEE 1815-2012 clause and behavior require formal-standard review"
OBJ.G50.V2,IEEE1815-2012,APPLICATION,"Time and Date variation 2",BIDIRECTIONAL,REVIEW_REQUIRED,,50,2,,REVIEW_REQUIRED,UNKNOWN,NOT_ANALYZED,BLOCKED,,,PROTOCOL_OWNER,"Exact IEEE 1815-2012 clause and behavior require formal-standard review"
OBJ.G50.V3,IEEE1815-2012,APPLICATION,"Time and Date variation 3",BIDIRECTIONAL,REVIEW_REQUIRED,,50,3,,REVIEW_REQUIRED,UNKNOWN,NOT_ANALYZED,BLOCKED,,,PROTOCOL_OWNER,"Exact IEEE 1815-2012 clause and behavior require formal-standard review"
OBJ.G50.V4,IEEE1815-2012,APPLICATION,"Time and Date variation 4",BIDIRECTIONAL,REVIEW_REQUIRED,,50,4,,REVIEW_REQUIRED,UNKNOWN,NOT_ANALYZED,BLOCKED,,,PROTOCOL_OWNER,"Exact IEEE 1815-2012 clause and behavior require formal-standard review"
OBJ.G51.V1,IEEE1815-2012,APPLICATION,"Common Time of Occurrence variation 1",O2M,REVIEW_REQUIRED,,51,1,,REVIEW_REQUIRED,UNKNOWN,NOT_ANALYZED,BLOCKED,,,PROTOCOL_OWNER,"Exact IEEE 1815-2012 clause and behavior require formal-standard review"
OBJ.G51.V2,IEEE1815-2012,APPLICATION,"Common Time of Occurrence variation 2",O2M,REVIEW_REQUIRED,,51,2,,REVIEW_REQUIRED,UNKNOWN,NOT_ANALYZED,BLOCKED,,,PROTOCOL_OWNER,"Exact IEEE 1815-2012 clause and behavior require formal-standard review"
OBJ.G52.V1,IEEE1815-2012,APPLICATION,"Time Delay variation 1",O2M,REVIEW_REQUIRED,,52,1,,REVIEW_REQUIRED,UNKNOWN,NOT_ANALYZED,BLOCKED,,,PROTOCOL_OWNER,"Exact IEEE 1815-2012 clause and behavior require formal-standard review"
OBJ.G52.V2,IEEE1815-2012,APPLICATION,"Time Delay variation 2",O2M,REVIEW_REQUIRED,,52,2,,REVIEW_REQUIRED,UNKNOWN,NOT_ANALYZED,BLOCKED,,,PROTOCOL_OWNER,"Exact IEEE 1815-2012 clause and behavior require formal-standard review"
OBJ.G60.V1,IEEE1815-2012,APPLICATION,"Class Data variation 1",M2O,REVIEW_REQUIRED,,60,1,,REVIEW_REQUIRED,UNKNOWN,NOT_ANALYZED,BLOCKED,,,PROTOCOL_OWNER,"Exact IEEE 1815-2012 clause and behavior require formal-standard review"
OBJ.G60.V2,IEEE1815-2012,APPLICATION,"Class Data variation 2",M2O,REVIEW_REQUIRED,,60,2,,REVIEW_REQUIRED,UNKNOWN,NOT_ANALYZED,BLOCKED,,,PROTOCOL_OWNER,"Exact IEEE 1815-2012 clause and behavior require formal-standard review"
OBJ.G60.V3,IEEE1815-2012,APPLICATION,"Class Data variation 3",M2O,REVIEW_REQUIRED,,60,3,,REVIEW_REQUIRED,UNKNOWN,NOT_ANALYZED,BLOCKED,,,PROTOCOL_OWNER,"Exact IEEE 1815-2012 clause and behavior require formal-standard review"
OBJ.G60.V4,IEEE1815-2012,APPLICATION,"Class Data variation 4",M2O,REVIEW_REQUIRED,,60,4,,REVIEW_REQUIRED,UNKNOWN,NOT_ANALYZED,BLOCKED,,,PROTOCOL_OWNER,"Exact IEEE 1815-2012 clause and behavior require formal-standard review"
OBJ.G70.V1,IEEE1815-2012,APPLICATION,"File Control variation 1",BIDIRECTIONAL,REVIEW_REQUIRED,,70,1,,REVIEW_REQUIRED,UNKNOWN,NOT_ANALYZED,BLOCKED,,,PROTOCOL_OWNER,"Exact IEEE 1815-2012 clause and behavior require formal-standard review"
OBJ.G70.V2,IEEE1815-2012,APPLICATION,"File Control variation 2",BIDIRECTIONAL,REVIEW_REQUIRED,,70,2,,REVIEW_REQUIRED,UNKNOWN,NOT_ANALYZED,BLOCKED,,,PROTOCOL_OWNER,"Exact IEEE 1815-2012 clause and behavior require formal-standard review"
OBJ.G70.V3,IEEE1815-2012,APPLICATION,"File Control variation 3",BIDIRECTIONAL,REVIEW_REQUIRED,,70,3,,REVIEW_REQUIRED,UNKNOWN,NOT_ANALYZED,BLOCKED,,,PROTOCOL_OWNER,"Exact IEEE 1815-2012 clause and behavior require formal-standard review"
OBJ.G70.V4,IEEE1815-2012,APPLICATION,"File Control variation 4",BIDIRECTIONAL,REVIEW_REQUIRED,,70,4,,REVIEW_REQUIRED,UNKNOWN,NOT_ANALYZED,BLOCKED,,,PROTOCOL_OWNER,"Exact IEEE 1815-2012 clause and behavior require formal-standard review"
OBJ.G70.V5,IEEE1815-2012,APPLICATION,"File Control variation 5",BIDIRECTIONAL,REVIEW_REQUIRED,,70,5,,REVIEW_REQUIRED,UNKNOWN,NOT_ANALYZED,BLOCKED,,,PROTOCOL_OWNER,"Exact IEEE 1815-2012 clause and behavior require formal-standard review"
OBJ.G70.V6,IEEE1815-2012,APPLICATION,"File Control variation 6",BIDIRECTIONAL,REVIEW_REQUIRED,,70,6,,REVIEW_REQUIRED,UNKNOWN,NOT_ANALYZED,BLOCKED,,,PROTOCOL_OWNER,"Exact IEEE 1815-2012 clause and behavior require formal-standard review"
OBJ.G70.V7,IEEE1815-2012,APPLICATION,"File Control variation 7",BIDIRECTIONAL,REVIEW_REQUIRED,,70,7,,REVIEW_REQUIRED,UNKNOWN,NOT_ANALYZED,BLOCKED,,,PROTOCOL_OWNER,"Exact IEEE 1815-2012 clause and behavior require formal-standard review"
OBJ.G70.V8,IEEE1815-2012,APPLICATION,"File Control variation 8",BIDIRECTIONAL,REVIEW_REQUIRED,,70,8,,REVIEW_REQUIRED,UNKNOWN,NOT_ANALYZED,BLOCKED,,,PROTOCOL_OWNER,"Exact IEEE 1815-2012 clause and behavior require formal-standard review"
OBJ.G80.V1,IEEE1815-2012,APPLICATION,"Internal Indications variation 1",O2M,REVIEW_REQUIRED,,80,1,,REVIEW_REQUIRED,UNKNOWN,NOT_ANALYZED,BLOCKED,,,PROTOCOL_OWNER,"Exact IEEE 1815-2012 clause and behavior require formal-standard review"
OBJ.G81.V1,IEEE1815-2012,APPLICATION,"Device Storage variation 1",O2M,REVIEW_REQUIRED,,81,1,,REVIEW_REQUIRED,UNKNOWN,NOT_ANALYZED,BLOCKED,,,PROTOCOL_OWNER,"Exact IEEE 1815-2012 clause and behavior require formal-standard review"
OBJ.G82.V1,IEEE1815-2012,APPLICATION,"Device Profile variation 1",O2M,REVIEW_REQUIRED,,82,1,,REVIEW_REQUIRED,UNKNOWN,NOT_ANALYZED,BLOCKED,,,PROTOCOL_OWNER,"Exact IEEE 1815-2012 clause and behavior require formal-standard review"
OBJ.G83.V1,IEEE1815-2012,APPLICATION,"Data Set Prototype variation 1",BIDIRECTIONAL,REVIEW_REQUIRED,,83,1,,REVIEW_REQUIRED,UNKNOWN,NOT_ANALYZED,BLOCKED,,,PROTOCOL_OWNER,"Exact IEEE 1815-2012 clause and behavior require formal-standard review"
OBJ.G83.V2,IEEE1815-2012,APPLICATION,"Data Set Prototype variation 2",BIDIRECTIONAL,REVIEW_REQUIRED,,83,2,,REVIEW_REQUIRED,UNKNOWN,NOT_ANALYZED,BLOCKED,,,PROTOCOL_OWNER,"Exact IEEE 1815-2012 clause and behavior require formal-standard review"
OBJ.G85.V0,IEEE1815-2012,APPLICATION,"Data Set Descriptor variation 0",BIDIRECTIONAL,REVIEW_REQUIRED,,85,0,,REVIEW_REQUIRED,UNKNOWN,NOT_ANALYZED,BLOCKED,,,PROTOCOL_OWNER,"Exact IEEE 1815-2012 clause and behavior require formal-standard review"
OBJ.G85.V1,IEEE1815-2012,APPLICATION,"Data Set Descriptor variation 1",BIDIRECTIONAL,REVIEW_REQUIRED,,85,1,,REVIEW_REQUIRED,UNKNOWN,NOT_ANALYZED,BLOCKED,,,PROTOCOL_OWNER,"Exact IEEE 1815-2012 clause and behavior require formal-standard review"
OBJ.G86.V0,IEEE1815-2012,APPLICATION,"Data Set variation 0",BIDIRECTIONAL,REVIEW_REQUIRED,,86,0,,REVIEW_REQUIRED,UNKNOWN,NOT_ANALYZED,BLOCKED,,,PROTOCOL_OWNER,"Exact IEEE 1815-2012 clause and behavior require formal-standard review"
OBJ.G86.V1,IEEE1815-2012,APPLICATION,"Data Set variation 1",BIDIRECTIONAL,REVIEW_REQUIRED,,86,1,,REVIEW_REQUIRED,UNKNOWN,NOT_ANALYZED,BLOCKED,,,PROTOCOL_OWNER,"Exact IEEE 1815-2012 clause and behavior require formal-standard review"
OBJ.G86.V2,IEEE1815-2012,APPLICATION,"Data Set variation 2",BIDIRECTIONAL,REVIEW_REQUIRED,,86,2,,REVIEW_REQUIRED,UNKNOWN,NOT_ANALYZED,BLOCKED,,,PROTOCOL_OWNER,"Exact IEEE 1815-2012 clause and behavior require formal-standard review"
OBJ.G86.V3,IEEE1815-2012,APPLICATION,"Data Set variation 3",BIDIRECTIONAL,REVIEW_REQUIRED,,86,3,,REVIEW_REQUIRED,UNKNOWN,NOT_ANALYZED,BLOCKED,,,PROTOCOL_OWNER,"Exact IEEE 1815-2012 clause and behavior require formal-standard review"
OBJ.G87.V0,IEEE1815-2012,APPLICATION,"Data Set Present Value variation 0",O2M,REVIEW_REQUIRED,,87,0,,REVIEW_REQUIRED,UNKNOWN,NOT_ANALYZED,BLOCKED,,,PROTOCOL_OWNER,"Exact IEEE 1815-2012 clause and behavior require formal-standard review"
OBJ.G87.V1,IEEE1815-2012,APPLICATION,"Data Set Present Value variation 1",O2M,REVIEW_REQUIRED,,87,1,,REVIEW_REQUIRED,UNKNOWN,NOT_ANALYZED,BLOCKED,,,PROTOCOL_OWNER,"Exact IEEE 1815-2012 clause and behavior require formal-standard review"
OBJ.G88.V0,IEEE1815-2012,APPLICATION,"Data Set Snapshot Event variation 0",O2M,REVIEW_REQUIRED,,88,0,,REVIEW_REQUIRED,UNKNOWN,NOT_ANALYZED,BLOCKED,,,PROTOCOL_OWNER,"Exact IEEE 1815-2012 clause and behavior require formal-standard review"
OBJ.G88.V1,IEEE1815-2012,APPLICATION,"Data Set Snapshot Event variation 1",O2M,REVIEW_REQUIRED,,88,1,,REVIEW_REQUIRED,UNKNOWN,NOT_ANALYZED,BLOCKED,,,PROTOCOL_OWNER,"Exact IEEE 1815-2012 clause and behavior require formal-standard review"
OBJ.G90.V1,IEEE1815-2012,APPLICATION,"Application Identifier variation 1",M2O,REVIEW_REQUIRED,,90,1,,REVIEW_REQUIRED,UNKNOWN,NOT_ANALYZED,BLOCKED,,,PROTOCOL_OWNER,"Exact IEEE 1815-2012 clause and behavior require formal-standard review"
OBJ.G91.V1,IEEE1815-2012,APPLICATION,"Activation Status variation 1",O2M,REVIEW_REQUIRED,,91,1,,REVIEW_REQUIRED,UNKNOWN,NOT_ANALYZED,BLOCKED,,,PROTOCOL_OWNER,"Exact IEEE 1815-2012 clause and behavior require formal-standard review"
OBJ.G101.V1,IEEE1815-2012,APPLICATION,"Binary-Coded Decimal variation 1",BIDIRECTIONAL,REVIEW_REQUIRED,,101,1,,REVIEW_REQUIRED,UNKNOWN,NOT_ANALYZED,BLOCKED,,,PROTOCOL_OWNER,"Exact IEEE 1815-2012 clause and behavior require formal-standard review"
OBJ.G101.V2,IEEE1815-2012,APPLICATION,"Binary-Coded Decimal variation 2",BIDIRECTIONAL,REVIEW_REQUIRED,,101,2,,REVIEW_REQUIRED,UNKNOWN,NOT_ANALYZED,BLOCKED,,,PROTOCOL_OWNER,"Exact IEEE 1815-2012 clause and behavior require formal-standard review"
OBJ.G101.V3,IEEE1815-2012,APPLICATION,"Binary-Coded Decimal variation 3",BIDIRECTIONAL,REVIEW_REQUIRED,,101,3,,REVIEW_REQUIRED,UNKNOWN,NOT_ANALYZED,BLOCKED,,,PROTOCOL_OWNER,"Exact IEEE 1815-2012 clause and behavior require formal-standard review"
OBJ.G102.V0,IEEE1815-2012,APPLICATION,"Unsigned Integer variation 0",O2M,REVIEW_REQUIRED,,102,0,,REVIEW_REQUIRED,UNKNOWN,NOT_ANALYZED,BLOCKED,,,PROTOCOL_OWNER,"Exact IEEE 1815-2012 clause and behavior require formal-standard review"
OBJ.G102.V1,IEEE1815-2012,APPLICATION,"Unsigned Integer variation 1",O2M,REVIEW_REQUIRED,,102,1,,REVIEW_REQUIRED,UNKNOWN,NOT_ANALYZED,BLOCKED,,,PROTOCOL_OWNER,"Exact IEEE 1815-2012 clause and behavior require formal-standard review"
OBJ.G120.V0,IEEE1815-2012,APPLICATION,"Secure Authentication v5 variation 0",BIDIRECTIONAL,REVIEW_REQUIRED,,120,0,,REVIEW_REQUIRED,UNKNOWN,NOT_ANALYZED,BLOCKED,,,PROTOCOL_OWNER,"Exact IEEE 1815-2012 clause and behavior require formal-standard review"
OBJ.G120.V1,IEEE1815-2012,APPLICATION,"Secure Authentication v5 variation 1",BIDIRECTIONAL,REVIEW_REQUIRED,,120,1,,REVIEW_REQUIRED,UNKNOWN,NOT_ANALYZED,BLOCKED,,,PROTOCOL_OWNER,"Exact IEEE 1815-2012 clause and behavior require formal-standard review"
OBJ.G120.V2,IEEE1815-2012,APPLICATION,"Secure Authentication v5 variation 2",BIDIRECTIONAL,REVIEW_REQUIRED,,120,2,,REVIEW_REQUIRED,UNKNOWN,NOT_ANALYZED,BLOCKED,,,PROTOCOL_OWNER,"Exact IEEE 1815-2012 clause and behavior require formal-standard review"
OBJ.G120.V3,IEEE1815-2012,APPLICATION,"Secure Authentication v5 variation 3",BIDIRECTIONAL,REVIEW_REQUIRED,,120,3,,REVIEW_REQUIRED,UNKNOWN,NOT_ANALYZED,BLOCKED,,,PROTOCOL_OWNER,"Exact IEEE 1815-2012 clause and behavior require formal-standard review"
OBJ.G120.V4,IEEE1815-2012,APPLICATION,"Secure Authentication v5 variation 4",BIDIRECTIONAL,REVIEW_REQUIRED,,120,4,,REVIEW_REQUIRED,UNKNOWN,NOT_ANALYZED,BLOCKED,,,PROTOCOL_OWNER,"Exact IEEE 1815-2012 clause and behavior require formal-standard review"
OBJ.G120.V5,IEEE1815-2012,APPLICATION,"Secure Authentication v5 variation 5",BIDIRECTIONAL,REVIEW_REQUIRED,,120,5,,REVIEW_REQUIRED,UNKNOWN,NOT_ANALYZED,BLOCKED,,,PROTOCOL_OWNER,"Exact IEEE 1815-2012 clause and behavior require formal-standard review"
OBJ.G120.V6,IEEE1815-2012,APPLICATION,"Secure Authentication v5 variation 6",BIDIRECTIONAL,REVIEW_REQUIRED,,120,6,,REVIEW_REQUIRED,UNKNOWN,NOT_ANALYZED,BLOCKED,,,PROTOCOL_OWNER,"Exact IEEE 1815-2012 clause and behavior require formal-standard review"
OBJ.G120.V7,IEEE1815-2012,APPLICATION,"Secure Authentication v5 variation 7",BIDIRECTIONAL,REVIEW_REQUIRED,,120,7,,REVIEW_REQUIRED,UNKNOWN,NOT_ANALYZED,BLOCKED,,,PROTOCOL_OWNER,"Exact IEEE 1815-2012 clause and behavior require formal-standard review"
OBJ.G120.V8,IEEE1815-2012,APPLICATION,"Secure Authentication v5 variation 8",BIDIRECTIONAL,REVIEW_REQUIRED,,120,8,,REVIEW_REQUIRED,UNKNOWN,NOT_ANALYZED,BLOCKED,,,PROTOCOL_OWNER,"Exact IEEE 1815-2012 clause and behavior require formal-standard review"
OBJ.G120.V9,IEEE1815-2012,APPLICATION,"Secure Authentication v5 variation 9",BIDIRECTIONAL,REVIEW_REQUIRED,,120,9,,REVIEW_REQUIRED,UNKNOWN,NOT_ANALYZED,BLOCKED,,,PROTOCOL_OWNER,"Exact IEEE 1815-2012 clause and behavior require formal-standard review"
OBJ.G120.V10,IEEE1815-2012,APPLICATION,"Secure Authentication v5 variation 10",BIDIRECTIONAL,REVIEW_REQUIRED,,120,10,,REVIEW_REQUIRED,UNKNOWN,NOT_ANALYZED,BLOCKED,,,PROTOCOL_OWNER,"Exact IEEE 1815-2012 clause and behavior require formal-standard review"
OBJ.G120.V11,IEEE1815-2012,APPLICATION,"Secure Authentication v5 variation 11",BIDIRECTIONAL,REVIEW_REQUIRED,,120,11,,REVIEW_REQUIRED,UNKNOWN,NOT_ANALYZED,BLOCKED,,,PROTOCOL_OWNER,"Exact IEEE 1815-2012 clause and behavior require formal-standard review"
OBJ.G120.V12,IEEE1815-2012,APPLICATION,"Secure Authentication v5 variation 12",BIDIRECTIONAL,REVIEW_REQUIRED,,120,12,,REVIEW_REQUIRED,UNKNOWN,NOT_ANALYZED,BLOCKED,,,PROTOCOL_OWNER,"Exact IEEE 1815-2012 clause and behavior require formal-standard review"
OBJ.G120.V13,IEEE1815-2012,APPLICATION,"Secure Authentication v5 variation 13",BIDIRECTIONAL,REVIEW_REQUIRED,,120,13,,REVIEW_REQUIRED,UNKNOWN,NOT_ANALYZED,BLOCKED,,,PROTOCOL_OWNER,"Exact IEEE 1815-2012 clause and behavior require formal-standard review"
OBJ.G120.V14,IEEE1815-2012,APPLICATION,"Secure Authentication v5 variation 14",BIDIRECTIONAL,REVIEW_REQUIRED,,120,14,,REVIEW_REQUIRED,UNKNOWN,NOT_ANALYZED,BLOCKED,,,PROTOCOL_OWNER,"Exact IEEE 1815-2012 clause and behavior require formal-standard review"
OBJ.G120.V15,IEEE1815-2012,APPLICATION,"Secure Authentication v5 variation 15",BIDIRECTIONAL,REVIEW_REQUIRED,,120,15,,REVIEW_REQUIRED,UNKNOWN,NOT_ANALYZED,BLOCKED,,,PROTOCOL_OWNER,"Exact IEEE 1815-2012 clause and behavior require formal-standard review"
OBJ.G121.V0,IEEE1815-2012,APPLICATION,"Security Statistics variation 0",O2M,REVIEW_REQUIRED,,121,0,,REVIEW_REQUIRED,UNKNOWN,NOT_ANALYZED,BLOCKED,,,PROTOCOL_OWNER,"Exact IEEE 1815-2012 clause and behavior require formal-standard review"
OBJ.G121.V1,IEEE1815-2012,APPLICATION,"Security Statistics variation 1",O2M,REVIEW_REQUIRED,,121,1,,REVIEW_REQUIRED,UNKNOWN,NOT_ANALYZED,BLOCKED,,,PROTOCOL_OWNER,"Exact IEEE 1815-2012 clause and behavior require formal-standard review"
OBJ.G122.V0,IEEE1815-2012,APPLICATION,"Security Statistic Event variation 0",O2M,REVIEW_REQUIRED,,122,0,,REVIEW_REQUIRED,UNKNOWN,NOT_ANALYZED,BLOCKED,,,PROTOCOL_OWNER,"Exact IEEE 1815-2012 clause and behavior require formal-standard review"
OBJ.G122.V1,IEEE1815-2012,APPLICATION,"Security Statistic Event variation 1",O2M,REVIEW_REQUIRED,,122,1,,REVIEW_REQUIRED,UNKNOWN,NOT_ANALYZED,BLOCKED,,,PROTOCOL_OWNER,"Exact IEEE 1815-2012 clause and behavior require formal-standard review"
OBJ.G122.V2,IEEE1815-2012,APPLICATION,"Security Statistic Event variation 2",O2M,REVIEW_REQUIRED,,122,2,,REVIEW_REQUIRED,UNKNOWN,NOT_ANALYZED,BLOCKED,,,PROTOCOL_OWNER,"Exact IEEE 1815-2012 clause and behavior require formal-standard review"
OBJ.G110.LENGTH_VARIANTS,IEEE1815-2012,APPLICATION,"Octet String static length variants",O2M,REVIEW_REQUIRED,,110,"length-coded variants",,REVIEW_REQUIRED,UNKNOWN,NOT_ANALYZED,BLOCKED,,,PROTOCOL_OWNER,"Exact IEEE 1815-2012 clause and behavior require formal-standard review"
OBJ.G111.V0,IEEE1815-2012,APPLICATION,"Octet String event variation 0",O2M,REVIEW_REQUIRED,,111,0,,REVIEW_REQUIRED,UNKNOWN,NOT_ANALYZED,BLOCKED,,,PROTOCOL_OWNER,"Exact IEEE 1815-2012 clause and behavior require formal-standard review"
OBJ.G111.LENGTH_VARIANTS,IEEE1815-2012,APPLICATION,"Octet String event length variants",O2M,REVIEW_REQUIRED,,111,"length-coded variants",,REVIEW_REQUIRED,UNKNOWN,NOT_ANALYZED,BLOCKED,,,PROTOCOL_OWNER,"Exact IEEE 1815-2012 clause and behavior require formal-standard review"
OBJ.G112.LENGTH_VARIANTS,IEEE1815-2012,APPLICATION,"Virtual Terminal Output Block length variants",M2O,REVIEW_REQUIRED,,112,"length-coded variants",,REVIEW_REQUIRED,UNKNOWN,NOT_ANALYZED,BLOCKED,,,PROTOCOL_OWNER,"Exact IEEE 1815-2012 clause and behavior require formal-standard review"
OBJ.G113.V0,IEEE1815-2012,APPLICATION,"Virtual Terminal Event Data variation 0",O2M,REVIEW_REQUIRED,,113,0,,REVIEW_REQUIRED,UNKNOWN,NOT_ANALYZED,BLOCKED,,,PROTOCOL_OWNER,"Exact IEEE 1815-2012 clause and behavior require formal-standard review"
OBJ.G113.LENGTH_VARIANTS,IEEE1815-2012,APPLICATION,"Virtual Terminal Event Data length variants",O2M,REVIEW_REQUIRED,,113,"length-coded variants",,REVIEW_REQUIRED,UNKNOWN,NOT_ANALYZED,BLOCKED,,,PROTOCOL_OWNER,"Exact IEEE 1815-2012 clause and behavior require formal-standard review"
QUAL.Q00.REVIEW,IEEE1815-2012,APPLICATION,"Qualifier 0x00 legality catalog",BIDIRECTIONAL,REVIEW_REQUIRED,,,,00,REVIEW_REQUIRED,UNKNOWN,NOT_ANALYZED,BLOCKED,,,PROTOCOL_OWNER,"Exact IEEE 1815-2012 clause and behavior require formal-standard review"
QUAL.Q01.REVIEW,IEEE1815-2012,APPLICATION,"Qualifier 0x01 legality catalog",BIDIRECTIONAL,REVIEW_REQUIRED,,,,01,REVIEW_REQUIRED,UNKNOWN,NOT_ANALYZED,BLOCKED,,,PROTOCOL_OWNER,"Exact IEEE 1815-2012 clause and behavior require formal-standard review"
QUAL.Q06.REVIEW,IEEE1815-2012,APPLICATION,"Qualifier 0x06 legality catalog",BIDIRECTIONAL,REVIEW_REQUIRED,,,,06,REVIEW_REQUIRED,UNKNOWN,NOT_ANALYZED,BLOCKED,,,PROTOCOL_OWNER,"Exact IEEE 1815-2012 clause and behavior require formal-standard review"
QUAL.Q07.REVIEW,IEEE1815-2012,APPLICATION,"Qualifier 0x07 legality catalog",BIDIRECTIONAL,REVIEW_REQUIRED,,,,07,REVIEW_REQUIRED,UNKNOWN,NOT_ANALYZED,BLOCKED,,,PROTOCOL_OWNER,"Exact IEEE 1815-2012 clause and behavior require formal-standard review"
QUAL.Q08.REVIEW,IEEE1815-2012,APPLICATION,"Qualifier 0x08 legality catalog",BIDIRECTIONAL,REVIEW_REQUIRED,,,,08,REVIEW_REQUIRED,UNKNOWN,NOT_ANALYZED,BLOCKED,,,PROTOCOL_OWNER,"Exact IEEE 1815-2012 clause and behavior require formal-standard review"
QUAL.Q17.REVIEW,IEEE1815-2012,APPLICATION,"Qualifier 0x17 legality catalog",BIDIRECTIONAL,REVIEW_REQUIRED,,,,17,REVIEW_REQUIRED,UNKNOWN,NOT_ANALYZED,BLOCKED,,,PROTOCOL_OWNER,"Exact IEEE 1815-2012 clause and behavior require formal-standard review"
QUAL.Q28.REVIEW,IEEE1815-2012,APPLICATION,"Qualifier 0x28 legality catalog",BIDIRECTIONAL,REVIEW_REQUIRED,,,,28,REVIEW_REQUIRED,UNKNOWN,NOT_ANALYZED,BLOCKED,,,PROTOCOL_OWNER,"Exact IEEE 1815-2012 clause and behavior require formal-standard review"
QUAL.Q5B.REVIEW,IEEE1815-2012,APPLICATION,"Qualifier 0x5B legality catalog",BIDIRECTIONAL,REVIEW_REQUIRED,,,,5B,REVIEW_REQUIRED,UNKNOWN,NOT_ANALYZED,BLOCKED,,,PROTOCOL_OWNER,"Exact IEEE 1815-2012 clause and behavior require formal-standard review"
QUAL.FAMILY.RANGE,IEEE1815-2012,APPLICATION,"8-bit and 16-bit start-stop range qualifier family",BIDIRECTIONAL,REVIEW_REQUIRED,,,,,REVIEW_REQUIRED,UNKNOWN,NOT_ANALYZED,BLOCKED,,,PROTOCOL_OWNER,"Exact IEEE 1815-2012 clause and behavior require formal-standard review"
QUAL.FAMILY.COUNT,IEEE1815-2012,APPLICATION,"8-bit and 16-bit count qualifier family",BIDIRECTIONAL,REVIEW_REQUIRED,,,,,REVIEW_REQUIRED,UNKNOWN,NOT_ANALYZED,BLOCKED,,,PROTOCOL_OWNER,"Exact IEEE 1815-2012 clause and behavior require formal-standard review"
QUAL.FAMILY.INDEX_PREFIX,IEEE1815-2012,APPLICATION,"8-bit 16-bit and 32-bit index-prefix qualifier family",BIDIRECTIONAL,REVIEW_REQUIRED,,,,,REVIEW_REQUIRED,UNKNOWN,NOT_ANALYZED,BLOCKED,,,PROTOCOL_OWNER,"Exact IEEE 1815-2012 clause and behavior require formal-standard review"
QUAL.FAMILY.FREE_FORMAT,IEEE1815-2012,APPLICATION,"16-bit free-format qualifier family",BIDIRECTIONAL,REVIEW_REQUIRED,,,,,REVIEW_REQUIRED,UNKNOWN,NOT_ANALYZED,BLOCKED,,,PROTOCOL_OWNER,"Exact IEEE 1815-2012 clause and behavior require formal-standard review"
IIN.IIN1.0.BROADCAST,IEEE1815-2012,APPLICATION,IIN1.0 BROADCAST,O2M,REVIEW_REQUIRED,,,,,REVIEW_REQUIRED,UNKNOWN,NOT_ANALYZED,BLOCKED,,,PROTOCOL_OWNER,"Exact IEEE 1815-2012 clause and behavior require formal-standard review"
IIN.IIN1.1.CLASS1_EVENTS,IEEE1815-2012,APPLICATION,IIN1.1 CLASS1_EVENTS,O2M,REVIEW_REQUIRED,,,,,REVIEW_REQUIRED,UNKNOWN,NOT_ANALYZED,BLOCKED,,,PROTOCOL_OWNER,"Exact IEEE 1815-2012 clause and behavior require formal-standard review"
IIN.IIN1.2.CLASS2_EVENTS,IEEE1815-2012,APPLICATION,IIN1.2 CLASS2_EVENTS,O2M,REVIEW_REQUIRED,,,,,REVIEW_REQUIRED,UNKNOWN,NOT_ANALYZED,BLOCKED,,,PROTOCOL_OWNER,"Exact IEEE 1815-2012 clause and behavior require formal-standard review"
IIN.IIN1.3.CLASS3_EVENTS,IEEE1815-2012,APPLICATION,IIN1.3 CLASS3_EVENTS,O2M,REVIEW_REQUIRED,,,,,REVIEW_REQUIRED,UNKNOWN,NOT_ANALYZED,BLOCKED,,,PROTOCOL_OWNER,"Exact IEEE 1815-2012 clause and behavior require formal-standard review"
IIN.IIN1.4.NEED_TIME,IEEE1815-2012,APPLICATION,IIN1.4 NEED_TIME,O2M,REVIEW_REQUIRED,,,,,REVIEW_REQUIRED,UNKNOWN,NOT_ANALYZED,BLOCKED,,,PROTOCOL_OWNER,"Exact IEEE 1815-2012 clause and behavior require formal-standard review"
IIN.IIN1.5.LOCAL_CONTROL,IEEE1815-2012,APPLICATION,IIN1.5 LOCAL_CONTROL,O2M,REVIEW_REQUIRED,,,,,REVIEW_REQUIRED,UNKNOWN,NOT_ANALYZED,BLOCKED,,,PROTOCOL_OWNER,"Exact IEEE 1815-2012 clause and behavior require formal-standard review"
IIN.IIN1.6.DEVICE_TROUBLE,IEEE1815-2012,APPLICATION,IIN1.6 DEVICE_TROUBLE,O2M,REVIEW_REQUIRED,,,,,REVIEW_REQUIRED,UNKNOWN,NOT_ANALYZED,BLOCKED,,,PROTOCOL_OWNER,"Exact IEEE 1815-2012 clause and behavior require formal-standard review"
IIN.IIN1.7.DEVICE_RESTART,IEEE1815-2012,APPLICATION,IIN1.7 DEVICE_RESTART,O2M,REVIEW_REQUIRED,,,,,REVIEW_REQUIRED,UNKNOWN,NOT_ANALYZED,BLOCKED,,,PROTOCOL_OWNER,"Exact IEEE 1815-2012 clause and behavior require formal-standard review"
IIN.IIN2.0.FUNC_NOT_SUPPORTED,IEEE1815-2012,APPLICATION,IIN2.0 FUNC_NOT_SUPPORTED,O2M,REVIEW_REQUIRED,,,,,REVIEW_REQUIRED,UNKNOWN,NOT_ANALYZED,BLOCKED,,,PROTOCOL_OWNER,"Exact IEEE 1815-2012 clause and behavior require formal-standard review"
IIN.IIN2.1.OBJECT_UNKNOWN,IEEE1815-2012,APPLICATION,IIN2.1 OBJECT_UNKNOWN,O2M,REVIEW_REQUIRED,,,,,REVIEW_REQUIRED,UNKNOWN,NOT_ANALYZED,BLOCKED,,,PROTOCOL_OWNER,"Exact IEEE 1815-2012 clause and behavior require formal-standard review"
IIN.IIN2.2.PARAM_ERROR,IEEE1815-2012,APPLICATION,IIN2.2 PARAM_ERROR,O2M,REVIEW_REQUIRED,,,,,REVIEW_REQUIRED,UNKNOWN,NOT_ANALYZED,BLOCKED,,,PROTOCOL_OWNER,"Exact IEEE 1815-2012 clause and behavior require formal-standard review"
IIN.IIN2.3.EVENT_BUFFER_OVERFLOW,IEEE1815-2012,APPLICATION,IIN2.3 EVENT_BUFFER_OVERFLOW,O2M,REVIEW_REQUIRED,,,,,REVIEW_REQUIRED,UNKNOWN,NOT_ANALYZED,BLOCKED,,,PROTOCOL_OWNER,"Exact IEEE 1815-2012 clause and behavior require formal-standard review"
IIN.IIN2.4.ALREADY_EXECUTING,IEEE1815-2012,APPLICATION,IIN2.4 ALREADY_EXECUTING,O2M,REVIEW_REQUIRED,,,,,REVIEW_REQUIRED,UNKNOWN,NOT_ANALYZED,BLOCKED,,,PROTOCOL_OWNER,"Exact IEEE 1815-2012 clause and behavior require formal-standard review"
IIN.IIN2.5.CONFIG_CORRUPT,IEEE1815-2012,APPLICATION,IIN2.5 CONFIG_CORRUPT,O2M,REVIEW_REQUIRED,,,,,REVIEW_REQUIRED,UNKNOWN,NOT_ANALYZED,BLOCKED,,,PROTOCOL_OWNER,"Exact IEEE 1815-2012 clause and behavior require formal-standard review"
IIN.IIN2.6_7.RESERVED,IEEE1815-2012,APPLICATION,"IIN2.6 and IIN2.7 reserved-bit preservation",O2M,REVIEW_REQUIRED,,,,,REVIEW_REQUIRED,UNKNOWN,NOT_ANALYZED,BLOCKED,,,PROTOCOL_OWNER,"Exact IEEE 1815-2012 clause and behavior require formal-standard review"
QUALITY.BINARY.CATALOG,IEEE1815-2012,APPLICATION,"Binary quality flags and state",O2M,REVIEW_REQUIRED,,,,,REVIEW_REQUIRED,UNKNOWN,NOT_ANALYZED,BLOCKED,,,PROTOCOL_OWNER,"Exact IEEE 1815-2012 clause and behavior require formal-standard review"
QUALITY.DOUBLE_BIT.CATALOG,IEEE1815-2012,APPLICATION,"Double-bit Binary quality flags and four-state value",O2M,REVIEW_REQUIRED,,,,,REVIEW_REQUIRED,UNKNOWN,NOT_ANALYZED,BLOCKED,,,PROTOCOL_OWNER,"Exact IEEE 1815-2012 clause and behavior require formal-standard review"
QUALITY.BINARY_OUTPUT_STATUS.CATALOG,IEEE1815-2012,APPLICATION,"Binary Output Status quality flags",O2M,REVIEW_REQUIRED,,,,,REVIEW_REQUIRED,UNKNOWN,NOT_ANALYZED,BLOCKED,,,PROTOCOL_OWNER,"Exact IEEE 1815-2012 clause and behavior require formal-standard review"
QUALITY.COUNTER.CATALOG,IEEE1815-2012,APPLICATION,"Counter quality rollover and discontinuity",O2M,REVIEW_REQUIRED,,,,,REVIEW_REQUIRED,UNKNOWN,NOT_ANALYZED,BLOCKED,,,PROTOCOL_OWNER,"Exact IEEE 1815-2012 clause and behavior require formal-standard review"
QUALITY.ANALOG.CATALOG,IEEE1815-2012,APPLICATION,"Analog quality over-range and reference error",O2M,REVIEW_REQUIRED,,,,,REVIEW_REQUIRED,UNKNOWN,NOT_ANALYZED,BLOCKED,,,PROTOCOL_OWNER,"Exact IEEE 1815-2012 clause and behavior require formal-standard review"
QUALITY.ANALOG_OUTPUT_STATUS.CATALOG,IEEE1815-2012,APPLICATION,"Analog Output Status quality flags",O2M,REVIEW_REQUIRED,,,,,REVIEW_REQUIRED,UNKNOWN,NOT_ANALYZED,BLOCKED,,,PROTOCOL_OWNER,"Exact IEEE 1815-2012 clause and behavior require formal-standard review"
QUALITY.RESERVED_BITS,IEEE1815-2012,APPLICATION,"Undefined and reserved quality-bit preservation",O2M,REVIEW_REQUIRED,,,,,REVIEW_REQUIRED,UNKNOWN,NOT_ANALYZED,BLOCKED,,,PROTOCOL_OWNER,"Exact IEEE 1815-2012 clause and behavior require formal-standard review"
TIME.DNP3_48BIT,IEEE1815-2012,APPLICATION,"Raw 48-bit DNP3 millisecond time",O2M,REVIEW_REQUIRED,,,,,REVIEW_REQUIRED,UNKNOWN,NOT_ANALYZED,BLOCKED,,,PROTOCOL_OWNER,"Exact IEEE 1815-2012 clause and behavior require formal-standard review"
TIME.ABSOLUTE,IEEE1815-2012,APPLICATION,"Absolute timestamp handling",O2M,REVIEW_REQUIRED,,,,,REVIEW_REQUIRED,UNKNOWN,NOT_ANALYZED,BLOCKED,,,PROTOCOL_OWNER,"Exact IEEE 1815-2012 clause and behavior require formal-standard review"
TIME.RELATIVE_CTO,IEEE1815-2012,APPLICATION,"Relative time and Common Time of Occurrence",O2M,REVIEW_REQUIRED,,,,,REVIEW_REQUIRED,UNKNOWN,NOT_ANALYZED,BLOCKED,,,PROTOCOL_OWNER,"Exact IEEE 1815-2012 clause and behavior require formal-standard review"
TIME.SYNCHRONIZATION_QUALITY,IEEE1815-2012,APPLICATION,"Synchronized and unsynchronized time quality",O2M,REVIEW_REQUIRED,,,,,REVIEW_REQUIRED,UNKNOWN,NOT_ANALYZED,BLOCKED,,,PROTOCOL_OWNER,"Exact IEEE 1815-2012 clause and behavior require formal-standard review"
TIME.BOUNDARY,IEEE1815-2012,APPLICATION,"Overflow boundary and no-time objects",O2M,REVIEW_REQUIRED,,,,,REVIEW_REQUIRED,UNKNOWN,NOT_ANALYZED,BLOCKED,,,PROTOCOL_OWNER,"Exact IEEE 1815-2012 clause and behavior require formal-standard review"
COMMAND.STATUS.SUCCESS,IEEE1815-2012,APPLICATION,"Command status Success",O2M,REVIEW_REQUIRED,,,,,REVIEW_REQUIRED,UNKNOWN,NOT_ANALYZED,BLOCKED,,,PROTOCOL_OWNER,"Exact IEEE 1815-2012 clause and behavior require formal-standard review"
COMMAND.STATUS.TIMEOUT,IEEE1815-2012,APPLICATION,"Command status Timeout",O2M,REVIEW_REQUIRED,,,,,REVIEW_REQUIRED,UNKNOWN,NOT_ANALYZED,BLOCKED,,,PROTOCOL_OWNER,"Exact IEEE 1815-2012 clause and behavior require formal-standard review"
COMMAND.STATUS.NO_SELECT,IEEE1815-2012,APPLICATION,"Command status No Select",O2M,REVIEW_REQUIRED,,,,,REVIEW_REQUIRED,UNKNOWN,NOT_ANALYZED,BLOCKED,,,PROTOCOL_OWNER,"Exact IEEE 1815-2012 clause and behavior require formal-standard review"
COMMAND.STATUS.FORMAT_ERROR,IEEE1815-2012,APPLICATION,"Command status Format Error",O2M,REVIEW_REQUIRED,,,,,REVIEW_REQUIRED,UNKNOWN,NOT_ANALYZED,BLOCKED,,,PROTOCOL_OWNER,"Exact IEEE 1815-2012 clause and behavior require formal-standard review"
COMMAND.STATUS.NOT_SUPPORTED,IEEE1815-2012,APPLICATION,"Command status Not Supported",O2M,REVIEW_REQUIRED,,,,,REVIEW_REQUIRED,UNKNOWN,NOT_ANALYZED,BLOCKED,,,PROTOCOL_OWNER,"Exact IEEE 1815-2012 clause and behavior require formal-standard review"
COMMAND.STATUS.ALREADY_ACTIVE,IEEE1815-2012,APPLICATION,"Command status Already Active",O2M,REVIEW_REQUIRED,,,,,REVIEW_REQUIRED,UNKNOWN,NOT_ANALYZED,BLOCKED,,,PROTOCOL_OWNER,"Exact IEEE 1815-2012 clause and behavior require formal-standard review"
COMMAND.STATUS.HARDWARE_ERROR,IEEE1815-2012,APPLICATION,"Command status Hardware Error",O2M,REVIEW_REQUIRED,,,,,REVIEW_REQUIRED,UNKNOWN,NOT_ANALYZED,BLOCKED,,,PROTOCOL_OWNER,"Exact IEEE 1815-2012 clause and behavior require formal-standard review"
COMMAND.STATUS.LOCAL_CONTROL,IEEE1815-2012,APPLICATION,"Command status Local Control",O2M,REVIEW_REQUIRED,,,,,REVIEW_REQUIRED,UNKNOWN,NOT_ANALYZED,BLOCKED,,,PROTOCOL_OWNER,"Exact IEEE 1815-2012 clause and behavior require formal-standard review"
COMMAND.STATUS.TOO_MANY_OPERATIONS,IEEE1815-2012,APPLICATION,"Command status Too Many Operations",O2M,REVIEW_REQUIRED,,,,,REVIEW_REQUIRED,UNKNOWN,NOT_ANALYZED,BLOCKED,,,PROTOCOL_OWNER,"Exact IEEE 1815-2012 clause and behavior require formal-standard review"
COMMAND.STATUS.NOT_AUTHORIZED,IEEE1815-2012,APPLICATION,"Command status Not Authorized",O2M,REVIEW_REQUIRED,,,,,REVIEW_REQUIRED,UNKNOWN,NOT_ANALYZED,BLOCKED,,,PROTOCOL_OWNER,"Exact IEEE 1815-2012 clause and behavior require formal-standard review"
COMMAND.STATUS.INHIBITED,IEEE1815-2012,APPLICATION,"Command status Inhibited",O2M,REVIEW_REQUIRED,,,,,REVIEW_REQUIRED,UNKNOWN,NOT_ANALYZED,BLOCKED,,,PROTOCOL_OWNER,"Exact IEEE 1815-2012 clause and behavior require formal-standard review"
COMMAND.STATUS.PROCESSING_LIMITED,IEEE1815-2012,APPLICATION,"Command status Processing Limited",O2M,REVIEW_REQUIRED,,,,,REVIEW_REQUIRED,UNKNOWN,NOT_ANALYZED,BLOCKED,,,PROTOCOL_OWNER,"Exact IEEE 1815-2012 clause and behavior require formal-standard review"
COMMAND.STATUS.OUT_OF_RANGE,IEEE1815-2012,APPLICATION,"Command status Out of Range",O2M,REVIEW_REQUIRED,,,,,REVIEW_REQUIRED,UNKNOWN,NOT_ANALYZED,BLOCKED,,,PROTOCOL_OWNER,"Exact IEEE 1815-2012 clause and behavior require formal-standard review"
COMMAND.STATUS.DOWNSTREAM,IEEE1815-2012,APPLICATION,"Command status Downstream-related status catalog",O2M,REVIEW_REQUIRED,,,,,REVIEW_REQUIRED,UNKNOWN,NOT_ANALYZED,BLOCKED,,,PROTOCOL_OWNER,"Exact IEEE 1815-2012 clause and behavior require formal-standard review"
ROBUSTNESS.FAULT_PLAN,IEEE1815-2012,ROBUSTNESS,"Layer-scoped single-variable fault mutation plan",BIDIRECTIONAL,REVIEW_REQUIRED,,,,,REVIEW_REQUIRED,UNKNOWN,NOT_ANALYZED,BLOCKED,,,PROTOCOL_OWNER,"Exact IEEE 1815-2012 clause and behavior require formal-standard review"
ROBUSTNESS.LINK,IEEE1815-2012,ROBUSTNESS,"Malformed CRC length address and link sequence tests",BIDIRECTIONAL,REVIEW_REQUIRED,,,,,REVIEW_REQUIRED,UNKNOWN,NOT_ANALYZED,BLOCKED,,,PROTOCOL_OWNER,"Exact IEEE 1815-2012 clause and behavior require formal-standard review"
ROBUSTNESS.TRANSPORT,IEEE1815-2012,ROBUSTNESS,"Duplicate missing out-of-order and oversized transport tests",BIDIRECTIONAL,REVIEW_REQUIRED,,,,,REVIEW_REQUIRED,UNKNOWN,NOT_ANALYZED,BLOCKED,,,PROTOCOL_OWNER,"Exact IEEE 1815-2012 clause and behavior require formal-standard review"
ROBUSTNESS.APPLICATION,IEEE1815-2012,ROBUSTNESS,"Invalid function object qualifier sequence and truncation tests",BIDIRECTIONAL,REVIEW_REQUIRED,,,,,REVIEW_REQUIRED,UNKNOWN,NOT_ANALYZED,BLOCKED,,,PROTOCOL_OWNER,"Exact IEEE 1815-2012 clause and behavior require formal-standard review"
ROBUSTNESS.RESOURCE_LIMIT,IEEE1815-2012,ROBUSTNESS,"Bounded input memory queue file log and capture tests",BIDIRECTIONAL,REVIEW_REQUIRED,,,,,REVIEW_REQUIRED,UNKNOWN,NOT_ANALYZED,BLOCKED,,,PROTOCOL_OWNER,"Exact IEEE 1815-2012 clause and behavior require formal-standard review"
SEC.SAV5.STATE_MACHINE,IEEE1815-2012,SECURITY,"Secure Authentication v5 challenge aggressive replay and recovery state machine",BIDIRECTIONAL,REVIEW_REQUIRED,,,,,REVIEW_REQUIRED,UNKNOWN,NOT_ANALYZED,BLOCKED,,,PROTOCOL_OWNER,"Exact IEEE 1815-2012 clause and behavior require formal-standard review"
SEC.SAV5.KEY_LIFECYCLE,IEEE1815-2012,SECURITY,"Approved cryptography key storage rotation zeroization and secret-free logging",BIDIRECTIONAL,REVIEW_REQUIRED,,,,,REVIEW_REQUIRED,UNKNOWN,NOT_ANALYZED,BLOCKED,,,PROTOCOL_OWNER,"Exact IEEE 1815-2012 clause and behavior require formal-standard review"
SEC.G120.V1.CHALLENGE,IEEE1815-2012,SECURITY,"G120V1 Challenge",BIDIRECTIONAL,REVIEW_REQUIRED,32|33|131,120,1,5B,REVIEW_REQUIRED,UNKNOWN,NOT_ANALYZED,BLOCKED,,,SECURITY_OWNER,"Requires approved security design formal vectors and independent implementation"
SEC.G120.V2.REPLY,IEEE1815-2012,SECURITY,G120V2 Reply,BIDIRECTIONAL,REVIEW_REQUIRED,32|33|131,120,2,5B,REVIEW_REQUIRED,UNKNOWN,NOT_ANALYZED,BLOCKED,,,SECURITY_OWNER,"Requires approved security design formal vectors and independent implementation"
SEC.G120.V3.AGGRESSIVE_MODE_REQUEST,IEEE1815-2012,SECURITY,"G120V3 Aggressive Mode Request",BIDIRECTIONAL,REVIEW_REQUIRED,32|33|131,120,3,5B,REVIEW_REQUIRED,UNKNOWN,NOT_ANALYZED,BLOCKED,,,SECURITY_OWNER,"Requires approved security design formal vectors and independent implementation"
SEC.G120.V4.SESSION_KEY_STATUS_REQUEST,IEEE1815-2012,SECURITY,"G120V4 Session Key Status Request",BIDIRECTIONAL,REVIEW_REQUIRED,32|33|131,120,4,5B,REVIEW_REQUIRED,UNKNOWN,NOT_ANALYZED,BLOCKED,,,SECURITY_OWNER,"Requires approved security design formal vectors and independent implementation"
SEC.G120.V5.SESSION_KEY_STATUS,IEEE1815-2012,SECURITY,"G120V5 Session Key Status",BIDIRECTIONAL,REVIEW_REQUIRED,32|33|131,120,5,5B,REVIEW_REQUIRED,UNKNOWN,NOT_ANALYZED,BLOCKED,,,SECURITY_OWNER,"Requires approved security design formal vectors and independent implementation"
SEC.G120.V6.SESSION_KEY_CHANGE,IEEE1815-2012,SECURITY,"G120V6 Session Key Change",BIDIRECTIONAL,REVIEW_REQUIRED,32|33|131,120,6,5B,REVIEW_REQUIRED,UNKNOWN,NOT_ANALYZED,BLOCKED,,,SECURITY_OWNER,"Requires approved security design formal vectors and independent implementation"
SEC.G120.V7.ERROR,IEEE1815-2012,SECURITY,"G120V7 Error",BIDIRECTIONAL,REVIEW_REQUIRED,32|33|131,120,7,5B,REVIEW_REQUIRED,UNKNOWN,NOT_ANALYZED,BLOCKED,,,SECURITY_OWNER,"Requires approved security design formal vectors and independent implementation"
SEC.G120.V8.USER_CERTIFICATE,IEEE1815-2012,SECURITY,"G120V8 User Certificate",BIDIRECTIONAL,REVIEW_REQUIRED,32|33|131,120,8,5B,REVIEW_REQUIRED,UNKNOWN,NOT_ANALYZED,BLOCKED,,,SECURITY_OWNER,"Requires approved security design formal vectors and independent implementation"
SEC.G120.V9.MESSAGE_AUTHENTICATION_CODE,IEEE1815-2012,SECURITY,"G120V9 Message Authentication Code",BIDIRECTIONAL,REVIEW_REQUIRED,32|33|131,120,9,5B,REVIEW_REQUIRED,UNKNOWN,NOT_ANALYZED,BLOCKED,,,SECURITY_OWNER,"Requires approved security design formal vectors and independent implementation"
SEC.G120.V10.USER_STATUS_CHANGE,IEEE1815-2012,SECURITY,"G120V10 User Status Change",BIDIRECTIONAL,REVIEW_REQUIRED,32|33|131,120,10,5B,REVIEW_REQUIRED,UNKNOWN,NOT_ANALYZED,BLOCKED,,,SECURITY_OWNER,"Requires approved security design formal vectors and independent implementation"
SEC.G120.V11.UPDATE_KEY_CHANGE_REQUEST,IEEE1815-2012,SECURITY,"G120V11 Update Key Change Request",BIDIRECTIONAL,REVIEW_REQUIRED,32|33|131,120,11,5B,REVIEW_REQUIRED,UNKNOWN,NOT_ANALYZED,BLOCKED,,,SECURITY_OWNER,"Requires approved security design formal vectors and independent implementation"
SEC.G120.V12.UPDATE_KEY_CHANGE_REPLY,IEEE1815-2012,SECURITY,"G120V12 Update Key Change Reply",BIDIRECTIONAL,REVIEW_REQUIRED,32|33|131,120,12,5B,REVIEW_REQUIRED,UNKNOWN,NOT_ANALYZED,BLOCKED,,,SECURITY_OWNER,"Requires approved security design formal vectors and independent implementation"
SEC.G120.V13.UPDATE_KEY_CHANGE,IEEE1815-2012,SECURITY,"G120V13 Update Key Change",BIDIRECTIONAL,REVIEW_REQUIRED,32|33|131,120,13,5B,REVIEW_REQUIRED,UNKNOWN,NOT_ANALYZED,BLOCKED,,,SECURITY_OWNER,"Requires approved security design formal vectors and independent implementation"
SEC.G120.V14.SIGNATURE,IEEE1815-2012,SECURITY,"G120V14 Signature",BIDIRECTIONAL,REVIEW_REQUIRED,32|33|131,120,14,5B,REVIEW_REQUIRED,UNKNOWN,NOT_ANALYZED,BLOCKED,,,SECURITY_OWNER,"Requires approved security design formal vectors and independent implementation"
SEC.G120.V15.UPDATE_KEY_CHANGE_CONFIRMATION,IEEE1815-2012,SECURITY,"G120V15 Update Key Change Confirmation",BIDIRECTIONAL,REVIEW_REQUIRED,32|33|131,120,15,5B,REVIEW_REQUIRED,UNKNOWN,NOT_ANALYZED,BLOCKED,,,SECURITY_OWNER,"Requires approved security design formal vectors and independent implementation"
SEC.G121.CATALOG,IEEE1815-2012,SECURITY,"G121 Security Statistics variations 0 and 1",O2M,REVIEW_REQUIRED,,121,0|1,,REVIEW_REQUIRED,UNKNOWN,NOT_ANALYZED,BLOCKED,,,SECURITY_OWNER,"Requires formal standard and fixed backend review"
SEC.G122.CATALOG,IEEE1815-2012,SECURITY,"G122 Security Statistic Event variations 0 through 2",O2M,REVIEW_REQUIRED,,122,0|1|2,,REVIEW_REQUIRED,UNKNOWN,NOT_ANALYZED,BLOCKED,,,SECURITY_OWNER,"Requires formal standard and fixed backend review"
